"SITE_ID","LSAT8_PPPRRR","DATE","SST","Month"
"CRO112",10029,20130824,16.259,"Aug"
"CRO212",10029,20130824,15.731,"Aug"
"CRO312",10029,20130824,16.305,"Aug"
"GER113",10029,20130824,21.599,"Aug"
"GER213",10029,20130824,21.599,"Aug"
"GER513",10029,20130824,19.988,"Aug"
"GER613",10029,20130824,19.988,"Aug"
"GRAY113",10029,20130824,19.254,"Aug"
"CRO112",10029,20140115,2.813,"Jan"
"CRO212",10029,20140115,2.709,"Jan"
"CRO312",10029,20140115,2.853,"Jan"
"EML08",10029,20140115,3.443,"Jan"
"GER113",10029,20140115,2.348,"Jan"
"GER213",10029,20140115,2.348,"Jan"
"JYOU114",10029,20140115,4.21,"Jan"
"YOU112",10029,20140115,2.876,"Jan"
"YOU212",10029,20140115,2.876,"Jan"
"DEN113",10029,20140115,3.078,"Jan"
"GER513",10029,20140115,2.297,"Jan"
"TATH214",10029,20140115,2.876,"Jan"
"CRO112",10029,20140304,-0.298,"Mar"
"CRO212",10029,20140304,0.051,"Mar"
"CRO312",10029,20140304,-0.469,"Mar"
"GER113",10029,20140304,-1.465,"Mar"
"GER213",10029,20140304,-1.465,"Mar"
"JYOU114",10029,20140304,-0.765,"Mar"
"DEN113",10029,20140304,-0.295,"Mar"
"GER513",10029,20140304,-0.495,"Mar"
"CRO112",10029,20140507,10.813,"May"
"CRO212",10029,20140507,9.655,"May"
"CRO312",10029,20140507,11.503,"May"
"JYOU114",10029,20140507,21.152,"May"
"YOU112",10029,20140507,17.277,"May"
"YOU212",10029,20140507,17.277,"May"
"BREW112",10029,20140507,10.017,"May"
"DEN113",10029,20140507,14.547,"May"
"GER513",10029,20140507,12.451,"May"
"CRO112",10029,20140608,13.129,"Jun"
"CRO212",10029,20140608,12.827,"Jun"
"CRO312",10029,20140608,13.607,"Jun"
"GER113",10029,20140608,21.868,"Jun"
"GER213",10029,20140608,21.868,"Jun"
"JYOU114",10029,20140608,18.971,"Jun"
"GER513",10029,20140608,18.388,"Jun"
"CRO112",10029,20140827,19.28,"Aug"
"CRO212",10029,20140827,19.129,"Aug"
"CRO312",10029,20140827,19.481,"Aug"
"GER113",10029,20140827,21.515,"Aug"
"GER213",10029,20140827,21.515,"Aug"
"JYOU114",10029,20140827,20.34,"Aug"
"DEN113",10029,20140827,21.842,"Aug"
"GER513",10029,20140827,20.711,"Aug"
"CRO112",10029,20140912,14.909,"Sep"
"CRO212",10029,20140912,14.598,"Sep"
"CRO312",10029,20140912,14.697,"Sep"
"GER113",10029,20140912,17.294,"Sep"
"GER213",10029,20140912,17.294,"Sep"
"JYOU114",10029,20140912,17.001,"Sep"
"DEN113",10029,20140912,16.173,"Sep"
"GER513",10029,20140912,16.482,"Sep"
"CRO112",10029,20140928,16.254,"Sep"
"CRO212",10029,20140928,15.895,"Sep"
"CRO312",10029,20140928,16.462,"Sep"
"EML08",10029,20140928,21.224,"Sep"
"GER113",10029,20140928,19.532,"Sep"
"GER213",10029,20140928,19.532,"Sep"
"JYOU114",10029,20140928,21.034,"Sep"
"DEN113",10029,20140928,19.6,"Sep"
"GER513",10029,20140928,18.059,"Sep"
"CRO112",10029,20141030,11.875,"Oct"
"CRO212",10029,20141030,12.043,"Oct"
"CRO312",10029,20141030,12.182,"Oct"
"EML08",10029,20141030,12.229,"Oct"
"JYOU114",10029,20141030,13.338,"Oct"
"DEN113",10029,20141030,12.204,"Oct"
"GER513",10029,20141030,12.294,"Oct"
"TATH214",10029,20141030,12.001,"Oct"
"CRO112",10029,20150307,-1.505,"Mar"
"CRO212",10029,20150307,-0.649,"Mar"
"CRO312",10029,20150307,-0.99,"Mar"
"GER113",10029,20150307,-2.486,"Mar"
"GER213",10029,20150307,-2.486,"Mar"
"JYOU114",10029,20150307,0.835,"Mar"
"JYOU215",10029,20150307,0.819,"Mar"
"DEN113",10029,20150307,0.228,"Mar"
"EBLA115",10029,20150307,-1.711,"Mar"
"FORT115",10029,20150307,0.337,"Mar"
"MFOR115",10029,20150307,0.084,"Mar"
"CRO112",10029,20150713,16.449,"Jul"
"CRO212",10029,20150713,16.245,"Jul"
"CRO312",10029,20150713,16.714,"Jul"
"GER113",10029,20150713,22.358,"Jul"
"GER213",10029,20150713,22.358,"Jul"
"JWAL115",10029,20150713,19.868,"Jul"
"JYOU114",10029,20150713,20.648,"Jul"
"JYOU215",10029,20150713,19.876,"Jul"
"DEN113",10029,20150713,21.805,"Jul"
"EBLA115",10029,20150713,17.187,"Jul"
"FORT115",10029,20150713,20.748,"Jul"
"JFOG115",10029,20150713,20.568,"Jul"
"JFOG315",10029,20150713,21.237,"Jul"
"JFOG415",10029,20150713,21.166,"Jul"
"JWAL215",10029,20150713,20.737,"Jul"
"JWAL315",10029,20150713,20.742,"Jul"
"JWAL415",10029,20150713,20.688,"Jul"
"MFOR115",10029,20150713,22.402,"Jul"
"CRO112",10029,20150729,15.247,"Jul"
"CRO212",10029,20150729,15.41,"Jul"
"CRO312",10029,20150729,16.36,"Jul"
"GER113",10029,20150729,20.249,"Jul"
"GER213",10029,20150729,20.249,"Jul"
"JWAL115",10029,20150729,19.562,"Jul"
"JYOU114",10029,20150729,18.196,"Jul"
"JYOU215",10029,20150729,17.88,"Jul"
"EBLA115",10029,20150729,15.669,"Jul"
"FORT115",10029,20150729,18.055,"Jul"
"JFOG115",10029,20150729,20.274,"Jul"
"JFOG315",10029,20150729,19.838,"Jul"
"JFOG415",10029,20150729,20.129,"Jul"
"JWAL215",10029,20150729,20.536,"Jul"
"JWAL315",10029,20150729,20.603,"Jul"
"JWAL415",10029,20150729,20.567,"Jul"
"MFOR115",10029,20150729,18.647,"Jul"
"CRO112",10029,20150814,18.473,"Aug"
"CRO212",10029,20150814,18.457,"Aug"
"CRO312",10029,20150814,19.182,"Aug"
"EML08",10029,20150814,23.883,"Aug"
"GER113",10029,20150814,22.337,"Aug"
"GER213",10029,20150814,22.337,"Aug"
"JWAL115",10029,20150814,18.433,"Aug"
"JYOU114",10029,20150814,18.589,"Aug"
"JYOU215",10029,20150814,18.445,"Aug"
"DEN113",10029,20150814,21.384,"Aug"
"EBLA115",10029,20150814,18.448,"Aug"
"FORT115",10029,20150814,20.185,"Aug"
"JFOG115",10029,20150814,19.091,"Aug"
"JFOG315",10029,20150814,19.31,"Aug"
"JFOG415",10029,20150814,19.255,"Aug"
"JWAL215",10029,20150814,18.966,"Aug"
"JWAL315",10029,20150814,19.441,"Aug"
"JWAL415",10029,20150814,19.146,"Aug"
"MFOR115",10029,20150814,21.204,"Aug"
"CRO112",10029,20150915,16.849,"Sep"
"CRO212",10029,20150915,16.597,"Sep"
"CRO312",10029,20150915,16.779,"Sep"
"GER113",10029,20150915,19.369,"Sep"
"GER213",10029,20150915,19.369,"Sep"
"JWAL115",10029,20150915,17.61,"Sep"
"JYOU114",10029,20150915,19.484,"Sep"
"JYOU215",10029,20150915,19.369,"Sep"
"DEN113",10029,20150915,18.322,"Sep"
"EBLA115",10029,20150915,18.14,"Sep"
"FORT115",10029,20150915,17.827,"Sep"
"JFOG115",10029,20150915,17.71,"Sep"
"JFOG315",10029,20150915,17.888,"Sep"
"JFOG415",10029,20150915,17.907,"Sep"
"JWAL215",10029,20150915,17.857,"Sep"
"JWAL315",10029,20150915,17.86,"Sep"
"JWAL415",10029,20150915,17.904,"Sep"
"MFOR115",10029,20150915,18.35,"Sep"
"CRO112",10029,20151220,5.888,"Dec"
"CRO212",10029,20151220,6.016,"Dec"
"CRO312",10029,20151220,5.711,"Dec"
"EML08",10029,20151220,3.792,"Dec"
"JWAL115",10029,20151220,5.885,"Dec"
"JYOU114",10029,20151220,3.56,"Dec"
"JYOU215",10029,20151220,3.714,"Dec"
"YOU112",10029,20151220,3.819,"Dec"
"YOU212",10029,20151220,3.819,"Dec"
"DEN113",10029,20151220,5.878,"Dec"
"EBLA115",10029,20151220,6.931,"Dec"
"FORT115",10029,20151220,7.932,"Dec"
"JFOG115",10029,20151220,5.165,"Dec"
"JFOG315",10029,20151220,5.155,"Dec"
"JFOG415",10029,20151220,4.731,"Dec"
"JWAL215",10029,20151220,5.62,"Dec"
"JWAL315",10029,20151220,5.637,"Dec"
"JWAL415",10029,20151220,5.4,"Dec"
"MFOR115",10029,20151220,7.259,"Dec"
"AND04",11029,20160823,24.409,"Aug"
"ANDR214",11029,20160823,18.291,"Aug"
"ANDR316",11029,20160823,19.516,"Aug"
"ASMI116",11029,20160823,16.478,"Aug"
"BPAR116",11029,20160823,25.781,"Aug"
"BPAR216",11029,20160823,25.4,"Aug"
"CART114",11029,20160823,22.529,"Aug"
"CART215",11029,20160823,18.478,"Aug"
"CART316",11029,20160823,18.774,"Aug"
"CART416",11029,20160823,18.856,"Aug"
"CNEW116",11029,20160823,17.736,"Aug"
"CNEW216",11029,20160823,17.646,"Aug"
"CRO112",11029,20160823,17.065,"Aug"
"CRO212",11029,20160823,16.553,"Aug"
"CRO312",11029,20160823,16.589,"Aug"
"DESA114",11029,20160823,20.662,"Aug"
"DESA216",11029,20160823,20.662,"Aug"
"DLEA211",11029,20160823,23.953,"Aug"
"DLEA412",11029,20160823,23.402,"Aug"
"GLAD215",11029,20160823,22.499,"Aug"
"GLAD315",11029,20160823,22.499,"Aug"
"GRI107",11029,20160823,22.609,"Aug"
"GSTE116",11029,20160823,23.281,"Aug"
"GSTE216",11029,20160823,23.334,"Aug"
"GSTE316",11029,20160823,23.296,"Aug"
"GSTE416",11029,20160823,23.216,"Aug"
"HIG212",11029,20160823,21.323,"Aug"
"JAM309",11029,20160823,26.209,"Aug"
"JFOG516",11029,20160823,17.877,"Aug"
"JGRA116",11029,20160823,16.798,"Aug"
"JGRA216",11029,20160823,18.108,"Aug"
"JWAL115",11029,20160823,17.881,"Aug"
"JYOU114",11029,20160823,22.003,"Aug"
"JYOU215",11029,20160823,21.778,"Aug"
"KCOO116",11029,20160823,20.689,"Aug"
"KCOO216",11029,20160823,20.608,"Aug"
"KCOO316",11029,20160823,19.895,"Aug"
"LGRA116",11029,20160823,14.996,"Aug"
"LGRA216",11029,20160823,15.048,"Aug"
"LGRA316",11029,20160823,14.904,"Aug"
"LGRA416",11029,20160823,14.717,"Aug"
"MELA115",11029,20160823,21.873,"Aug"
"MELA215",11029,20160823,21.835,"Aug"
"MNEW116",11029,20160823,22.022,"Aug"
"MNEW216",11029,20160823,22.179,"Aug"
"MOZE114",11029,20160823,23.36,"Aug"
"MOZE214",11029,20160823,23.194,"Aug"
"MOZE314",11029,20160823,23.224,"Aug"
"MOZE414",11029,20160823,23.167,"Aug"
"NOR107",11029,20160823,19.465,"Aug"
"PSMI114",11029,20160823,22.118,"Aug"
"PSMI214",11029,20160823,21.908,"Aug"
"PSMI314",11029,20160823,21.885,"Aug"
"REGO214",11029,20160823,24.672,"Aug"
"REY08",11029,20160823,20.246,"Aug"
"RSMI316",11029,20160823,18.397,"Aug"
"RSMI416",11029,20160823,18.521,"Aug"
"SBEL116",11029,20160823,19.783,"Aug"
"SHAW114",11029,20160823,20.528,"Aug"
"SHAW214",11029,20160823,20.528,"Aug"
"SMIT116",11029,20160823,16.237,"Aug"
"YENT214",11029,20160823,17.771,"Aug"
"YOU315",11029,20160823,21.1,"Aug"
"YOU415",11029,20160823,21.568,"Aug"
"ATW315",11029,20160823,18.813,"Aug"
"ATW415",11029,20160823,18.045,"Aug"
"BARK115",11029,20160823,24.98,"Aug"
"BARK215",11029,20160823,20.62,"Aug"
"BARK315",11029,20160823,20.682,"Aug"
"BREW112",11029,20160823,17.681,"Aug"
"BREW215",11029,20160823,16.455,"Aug"
"CHE308",11029,20160823,23.447,"Aug"
"DEN113",11029,20160823,20.716,"Aug"
"FARM114",11029,20160823,25.213,"Aug"
"FORT115",11029,20160823,18.334,"Aug"
"JFOG115",11029,20160823,17.493,"Aug"
"JFOG315",11029,20160823,17.842,"Aug"
"JFOG415",11029,20160823,17.74,"Aug"
"JWAL215",11029,20160823,17.799,"Aug"
"JWAL315",11029,20160823,18.182,"Aug"
"JWAL415",11029,20160823,17.579,"Aug"
"KON213",11029,20160823,21.69,"Aug"
"MBEA116",11029,20160823,17.215,"Aug"
"MBEA216",11029,20160823,17.348,"Aug"
"MFOR115",11029,20160823,19.938,"Aug"
"MSTE116",11029,20160823,24.601,"Aug"
"MSTE216",11029,20160823,23.852,"Aug"
"MSTE316",11029,20160823,25.093,"Aug"
"MSTE416",11029,20160823,24.443,"Aug"
"RSMI116",11029,20160823,18.158,"Aug"
"RSMI216",11029,20160823,18.276,"Aug"
"SWEN114",11029,20160823,24.533,"Aug"
"SWEN214",11029,20160823,24.533,"Aug"
"AND04",11030,20130714,27.077,"Jul"
"BEE108",11030,20130714,22.475,"Jul"
"BOL110",11030,20130714,23.295,"Jul"
"BOL312",11030,20130714,23.796,"Jul"
"BOL412",11030,20130714,23.69,"Jul"
"CYEN112",11030,20130714,25.914,"Jul"
"GRE105",11030,20130714,22.778,"Jul"
"GRE310",11030,20130714,26.231,"Jul"
"GRI107",11030,20130714,25.04,"Jul"
"HAM413",11030,20130714,28.872,"Jul"
"HIG112",11030,20130714,26.707,"Jul"
"HIG212",11030,20130714,26.171,"Jul"
"JAM309",11030,20130714,32.892,"Jul"
"KRAM113",11030,20130714,25.671,"Jul"
"KRAM213",11030,20130714,27.196,"Jul"
"LEW109",11030,20130714,25.827,"Jul"
"SEW210",11030,20130714,29.626,"Jul"
"SEW413",11030,20130714,27.123,"Jul"
"WHIS213",11030,20130714,23.323,"Jul"
"YENT111",11030,20130714,26.066,"Jul"
"ATW113",11030,20130714,24.135,"Jul"
"BOL212",11030,20130714,23.815,"Jul"
"HAM108",11030,20130714,24.195,"Jul"
"HAM208",11030,20130714,24.195,"Jul"
"HOR105",11030,20130714,25.501,"Jul"
"HOR408",11030,20130714,24.824,"Jul"
"KON213",11030,20130714,25.436,"Jul"
"PER107",11030,20130714,26.4,"Jul"
"STEV108",11030,20130714,24.436,"Jul"
"STEV208",11030,20130714,24.385,"Jul"
"STEV308",11030,20130714,25.96,"Jul"
"STEV409",11030,20130714,30.324,"Jul"
"AND04",11030,20130730,25.694,"Jul"
"BEE108",11030,20130730,22.884,"Jul"
"BOL110",11030,20130730,21.722,"Jul"
"BOL312",11030,20130730,21.277,"Jul"
"BOL412",11030,20130730,21.892,"Jul"
"CAR412",11030,20130730,30.349,"Jul"
"CYEN112",11030,20130730,23.142,"Jul"
"GRE105",11030,20130730,22.386,"Jul"
"GRE310",11030,20130730,26.527,"Jul"
"GRI107",11030,20130730,23.703,"Jul"
"HAM413",11030,20130730,25.611,"Jul"
"HIG112",11030,20130730,24.489,"Jul"
"HIG212",11030,20130730,23.48,"Jul"
"JAM309",11030,20130730,29.666,"Jul"
"KRAM113",11030,20130730,23.782,"Jul"
"KRAM213",11030,20130730,24.883,"Jul"
"LEW109",11030,20130730,21.822,"Jul"
"PER209",11030,20130730,29.906,"Jul"
"SEW413",11030,20130730,27.983,"Jul"
"WHIS213",11030,20130730,23.232,"Jul"
"YENT111",11030,20130730,23.286,"Jul"
"ATW113",11030,20130730,22.809,"Jul"
"BOL212",11030,20130730,20.916,"Jul"
"CHE308",11030,20130730,22.575,"Jul"
"HAM108",11030,20130730,22.59,"Jul"
"HAM208",11030,20130730,22.59,"Jul"
"HOR105",11030,20130730,24.548,"Jul"
"HOR408",11030,20130730,25.011,"Jul"
"KON213",11030,20130730,22.277,"Jul"
"PER107",11030,20130730,23.896,"Jul"
"STEV108",11030,20130730,24.612,"Jul"
"STEV208",11030,20130730,24.41,"Jul"
"STEV409",11030,20130730,27.516,"Jul"
"AND04",11030,20130815,21.412,"Aug"
"BEE108",11030,20130815,19.748,"Aug"
"BOL110",11030,20130815,18.744,"Aug"
"BOL312",11030,20130815,17.97,"Aug"
"BOL412",11030,20130815,18.453,"Aug"
"CYEN112",11030,20130815,20.311,"Aug"
"GRE105",11030,20130815,17.211,"Aug"
"GRE310",11030,20130815,20.167,"Aug"
"GRI107",11030,20130815,19.665,"Aug"
"HAM413",11030,20130815,19.446,"Aug"
"HIG112",11030,20130815,21.018,"Aug"
"HIG212",11030,20130815,19.639,"Aug"
"JAM309",11030,20130815,23.193,"Aug"
"KRAM113",11030,20130815,20.193,"Aug"
"KRAM213",11030,20130815,20.282,"Aug"
"LEW109",11030,20130815,18.822,"Aug"
"PER209",11030,20130815,22.682,"Aug"
"SEW413",11030,20130815,22.245,"Aug"
"WHIS213",11030,20130815,19.844,"Aug"
"YENT111",11030,20130815,20.132,"Aug"
"ATW113",11030,20130815,17.908,"Aug"
"BOL212",11030,20130815,18.019,"Aug"
"CHE308",11030,20130815,20.493,"Aug"
"HAM108",11030,20130815,18.938,"Aug"
"HAM208",11030,20130815,18.938,"Aug"
"HOR105",11030,20130815,18.657,"Aug"
"HOR408",11030,20130815,18.541,"Aug"
"KON213",11030,20130815,18.275,"Aug"
"PER107",11030,20130815,20.866,"Aug"
"STEV108",11030,20130815,18.395,"Aug"
"STEV208",11030,20130815,18.333,"Aug"
"STEV308",11030,20130815,22.088,"Aug"
"STEV409",11030,20130815,21.453,"Aug"
"AND04",11030,20131002,19.33,"Oct"
"BEE108",11030,20131002,16.398,"Oct"
"BEE208",11030,20131002,17.476,"Oct"
"BEE309",11030,20131002,17.476,"Oct"
"BEE409",11030,20131002,17.476,"Oct"
"BOL110",11030,20131002,17.735,"Oct"
"BOL312",11030,20131002,17.595,"Oct"
"BOL412",11030,20131002,16.91,"Oct"
"CYEN112",11030,20131002,17.916,"Oct"
"GRE105",11030,20131002,16.841,"Oct"
"GRE310",11030,20131002,17.628,"Oct"
"GRI107",11030,20131002,18.321,"Oct"
"HAM413",11030,20131002,18.592,"Oct"
"HIG112",11030,20131002,18.262,"Oct"
"HIG212",11030,20131002,17.137,"Oct"
"JAM309",11030,20131002,19.136,"Oct"
"KRAM113",11030,20131002,17.429,"Oct"
"KRAM213",11030,20131002,17.646,"Oct"
"LEW109",11030,20131002,17.806,"Oct"
"PER209",11030,20131002,19.245,"Oct"
"SEW210",11030,20131002,17.681,"Oct"
"SEW413",11030,20131002,17.181,"Oct"
"WHIS112",11030,20131002,17.562,"Oct"
"WHIS213",11030,20131002,17.029,"Oct"
"YENT111",11030,20131002,17.844,"Oct"
"ATW113",11030,20131002,16.302,"Oct"
"BOL212",11030,20131002,17.274,"Oct"
"CHE308",11030,20131002,18.687,"Oct"
"HAM108",11030,20131002,16.76,"Oct"
"HAM208",11030,20131002,16.76,"Oct"
"HOR105",11030,20131002,17.095,"Oct"
"HOR408",11030,20131002,17.017,"Oct"
"KON213",11030,20131002,17.074,"Oct"
"PER107",11030,20131002,17.625,"Oct"
"STEV108",11030,20131002,16.877,"Oct"
"STEV208",11030,20131002,16.814,"Oct"
"STEV308",11030,20131002,17.556,"Oct"
"STEV409",11030,20131002,19.095,"Oct"
"BEE108",11030,20131018,14.163,"Oct"
"BEE208",11030,20131018,15.48,"Oct"
"BEE309",11030,20131018,15.48,"Oct"
"BEE409",11030,20131018,15.48,"Oct"
"BOL110",11030,20131018,14.157,"Oct"
"BOL312",11030,20131018,13.874,"Oct"
"BOL412",11030,20131018,14.187,"Oct"
"CYEN112",11030,20131018,14.64,"Oct"
"GRE105",11030,20131018,14.386,"Oct"
"GRE310",11030,20131018,14.902,"Oct"
"HAM413",11030,20131018,14.359,"Oct"
"HIG112",11030,20131018,15.519,"Oct"
"HIG212",11030,20131018,15.158,"Oct"
"JAM309",11030,20131018,14.976,"Oct"
"KRAM113",11030,20131018,14.86,"Oct"
"KRAM213",11030,20131018,14.729,"Oct"
"LEW109",11030,20131018,13.761,"Oct"
"PER209",11030,20131018,15.033,"Oct"
"SEW210",11030,20131018,15.012,"Oct"
"SEW413",11030,20131018,15.407,"Oct"
"WHIS112",11030,20131018,15.301,"Oct"
"WHIS213",11030,20131018,14.668,"Oct"
"YENT111",11030,20131018,14.555,"Oct"
"ATW113",11030,20131018,13.782,"Oct"
"BOL212",11030,20131018,13.93,"Oct"
"CHE308",11030,20131018,15.228,"Oct"
"HOR105",11030,20131018,14.89,"Oct"
"HOR408",11030,20131018,14.613,"Oct"
"KON213",11030,20131018,14.068,"Oct"
"PER107",11030,20131018,15.677,"Oct"
"STEV108",11030,20131018,14.521,"Oct"
"STEV208",11030,20131018,14.506,"Oct"
"STEV308",11030,20131018,14.902,"Oct"
"STEV409",11030,20131018,14.57,"Oct"
"AND04",11030,20140327,0.36,"Mar"
"ANDR214",11030,20140327,1.511,"Mar"
"BEE108",11030,20140327,1.289,"Mar"
"BEE208",11030,20140327,1.896,"Mar"
"BEE309",11030,20140327,1.896,"Mar"
"BEE409",11030,20140327,1.896,"Mar"
"BOL110",11030,20140327,0.376,"Mar"
"BOL312",11030,20140327,0.468,"Mar"
"BOL412",11030,20140327,0.93,"Mar"
"BUTT114",11030,20140327,1.849,"Mar"
"BUTT314",11030,20140327,1.1,"Mar"
"BUTT414",11030,20140327,2.127,"Mar"
"CYEN112",11030,20140327,1.241,"Mar"
"DESA114",11030,20140327,0.702,"Mar"
"FAUX114",11030,20140327,-0.67,"Mar"
"FAUX214",11030,20140327,-0.67,"Mar"
"GOT414",11030,20140327,2.167,"Mar"
"GRE105",11030,20140327,1.458,"Mar"
"GRE310",11030,20140327,2.089,"Mar"
"GRI107",11030,20140327,1.191,"Mar"
"HAM311",11030,20140327,0.74,"Mar"
"HAM413",11030,20140327,-0.053,"Mar"
"HIG112",11030,20140327,2.948,"Mar"
"HIG212",11030,20140327,1.968,"Mar"
"HOR509",11030,20140327,1.213,"Mar"
"JAM309",11030,20140327,-0.478,"Mar"
"KRAM113",11030,20140327,0.775,"Mar"
"KRAM213",11030,20140327,0.819,"Mar"
"LEW109",11030,20140327,0.592,"Mar"
"MACK112",11030,20140327,2.086,"Mar"
"MOZE114",11030,20140327,0.579,"Mar"
"MOZE214",11030,20140327,0.63,"Mar"
"MOZE314",11030,20140327,0.639,"Mar"
"MOZE414",11030,20140327,0.655,"Mar"
"PER209",11030,20140327,2.111,"Mar"
"PSMI114",11030,20140327,0.942,"Mar"
"PSMI214",11030,20140327,0.895,"Mar"
"PSMI314",11030,20140327,0.857,"Mar"
"PSMI414",11030,20140327,2.03,"Mar"
"SEW210",11030,20140327,1.496,"Mar"
"SEW413",11030,20140327,0.961,"Mar"
"SHAW114",11030,20140327,0.958,"Mar"
"SHAW214",11030,20140327,0.958,"Mar"
"SIM312",11030,20140327,2.086,"Mar"
"SIM412",11030,20140327,2.086,"Mar"
"WHIS112",11030,20140327,1.122,"Mar"
"WHIS213",11030,20140327,1.862,"Mar"
"YENT111",11030,20140327,1.207,"Mar"
"YENT214",11030,20140327,1.216,"Mar"
"BOL212",11030,20140327,0.446,"Mar"
"BUTT214",11030,20140327,1.323,"Mar"
"CHE308",11030,20140327,0.917,"Mar"
"CROM114",11030,20140327,-0.484,"Mar"
"CROM214",11030,20140327,-0.51,"Mar"
"CROM314",11030,20140327,-0.51,"Mar"
"CROM414",11030,20140327,-0.391,"Mar"
"FARM114",11030,20140327,0.357,"Mar"
"FRAN114",11030,20140327,0.541,"Mar"
"FRAN214",11030,20140327,0.541,"Mar"
"HAM108",11030,20140327,0.592,"Mar"
"HAM208",11030,20140327,0.592,"Mar"
"HOR105",11030,20140327,0.728,"Mar"
"HOR408",11030,20140327,0.753,"Mar"
"JOHN214",11030,20140327,1.005,"Mar"
"JOHN314",11030,20140327,1.301,"Mar"
"KON213",11030,20140327,0.227,"Mar"
"MORS114",11030,20140327,1.27,"Mar"
"PCHE314",11030,20140327,1.219,"Mar"
"PCHE414",11030,20140327,1.219,"Mar"
"PER107",11030,20140327,0.775,"Mar"
"PGRA114",11030,20140327,1.109,"Mar"
"PGRA214",11030,20140327,1.109,"Mar"
"PGRA314",11030,20140327,1.204,"Mar"
"PSTO514",11030,20140327,1.04,"Mar"
"SIM204",11030,20140327,2.03,"Mar"
"STEV108",11030,20140327,0.826,"Mar"
"STEV208",11030,20140327,0.838,"Mar"
"STEV308",11030,20140327,0.554,"Mar"
"STEV409",11030,20140327,0.1,"Mar"
"STOL114",11030,20140327,0.106,"Mar"
"SWEN114",11030,20140327,0.43,"Mar"
"SWEN214",11030,20140327,0.43,"Mar"
"THAR114",11030,20140327,1.896,"Mar"
"WHET114",11030,20140327,1.42,"Mar"
"WHIS314",11030,20140327,1.1,"Mar"
"AND04",11030,20140412,13.775,"Apr"
"ANDR214",11030,20140412,6.529,"Apr"
"BEE108",11030,20140412,10.86,"Apr"
"BEE208",11030,20140412,15.513,"Apr"
"BEE309",11030,20140412,15.513,"Apr"
"BEE409",11030,20140412,15.513,"Apr"
"BOL110",11030,20140412,12.954,"Apr"
"BOL312",11030,20140412,10.284,"Apr"
"BOL412",11030,20140412,12.768,"Apr"
"BUTT114",11030,20140412,16.772,"Apr"
"BUTT314",11030,20140412,13.299,"Apr"
"BUTT414",11030,20140412,14.251,"Apr"
"CYEN112",11030,20140412,16.995,"Apr"
"DESA114",11030,20140412,8.59,"Apr"
"FAUX114",11030,20140412,17.068,"Apr"
"FAUX214",11030,20140412,17.068,"Apr"
"GOT414",11030,20140412,11.348,"Apr"
"GRE105",11030,20140412,12.517,"Apr"
"GRE310",11030,20140412,16.062,"Apr"
"GRI107",11030,20140412,12.954,"Apr"
"HAM311",11030,20140412,9.734,"Apr"
"HAM413",11030,20140412,15.79,"Apr"
"HIG112",11030,20140412,14.002,"Apr"
"HIG212",11030,20140412,12.043,"Apr"
"JAM309",11030,20140412,16.621,"Apr"
"KRAM113",11030,20140412,14.061,"Apr"
"KRAM213",11030,20140412,15.119,"Apr"
"LEW109",11030,20140412,14.709,"Apr"
"MOZE114",11030,20140412,13.299,"Apr"
"MOZE214",11030,20140412,13.224,"Apr"
"MOZE314",11030,20140412,12.831,"Apr"
"MOZE414",11030,20140412,13.192,"Apr"
"PER209",11030,20140412,18.172,"Apr"
"PSMI114",11030,20140412,11.979,"Apr"
"PSMI214",11030,20140412,12.416,"Apr"
"PSMI314",11030,20140412,11.942,"Apr"
"PSMI414",11030,20140412,20.613,"Apr"
"SEW210",11030,20140412,16.015,"Apr"
"SEW413",11030,20140412,13.569,"Apr"
"SHAW114",11030,20140412,9.306,"Apr"
"SHAW214",11030,20140412,9.306,"Apr"
"WHIS112",11030,20140412,16.031,"Apr"
"WHIS213",11030,20140412,12.304,"Apr"
"YENT111",11030,20140412,16.657,"Apr"
"YENT214",11030,20140412,8.045,"Apr"
"BOL212",11030,20140412,10.634,"Apr"
"BUTT214",11030,20140412,14.762,"Apr"
"CHE308",11030,20140412,17.883,"Apr"
"CROM114",11030,20140412,21.687,"Apr"
"CROM214",11030,20140412,19.193,"Apr"
"CROM314",11030,20140412,19.193,"Apr"
"CROM414",11030,20140412,19.666,"Apr"
"FARM114",11030,20140412,12.235,"Apr"
"FRAN114",11030,20140412,15.324,"Apr"
"FRAN214",11030,20140412,15.324,"Apr"
"HAM108",11030,20140412,8.421,"Apr"
"HAM208",11030,20140412,8.421,"Apr"
"HOR105",11030,20140412,13.854,"Apr"
"HOR408",11030,20140412,12.507,"Apr"
"JOHN214",11030,20140412,15.607,"Apr"
"JOHN314",11030,20140412,15.942,"Apr"
"KON213",11030,20140412,11.899,"Apr"
"MORS114",11030,20140412,15.203,"Apr"
"PCHE314",11030,20140412,16.13,"Apr"
"PCHE414",11030,20140412,16.13,"Apr"
"PER107",11030,20140412,12.299,"Apr"
"PGRA114",11030,20140412,13.203,"Apr"
"PGRA214",11030,20140412,13.203,"Apr"
"PGRA314",11030,20140412,14.224,"Apr"
"PSTO514",11030,20140412,12.73,"Apr"
"SIM204",11030,20140412,20.613,"Apr"
"STEV108",11030,20140412,11.893,"Apr"
"STEV208",11030,20140412,11.851,"Apr"
"STEV308",11030,20140412,11.353,"Apr"
"STEV409",11030,20140412,16.537,"Apr"
"STOL114",11030,20140412,12.725,"Apr"
"SWEN114",11030,20140412,13.812,"Apr"
"SWEN214",11030,20140412,13.812,"Apr"
"THAR114",11030,20140412,10.165,"Apr"
"WHET114",11030,20140412,12.762,"Apr"
"AND04",11030,20140530,15.566,"May"
"ANDR214",11030,20140530,10.707,"May"
"BEE108",11030,20140530,12.68,"May"
"BEE208",11030,20140530,15.348,"May"
"BEE309",11030,20140530,15.348,"May"
"BEE409",11030,20140530,15.348,"May"
"BOL110",11030,20140530,13.318,"May"
"BOL312",11030,20140530,12.883,"May"
"BOL412",11030,20140530,13.044,"May"
"BUTT114",11030,20140530,13.329,"May"
"BUTT314",11030,20140530,13.155,"May"
"BUTT414",11030,20140530,13.523,"May"
"CYEN112",11030,20140530,12.995,"May"
"DESA114",11030,20140530,10.171,"May"
"FAUX114",11030,20140530,17.362,"May"
"FAUX214",11030,20140530,17.362,"May"
"GRE105",11030,20140530,12.156,"May"
"GRE310",11030,20140530,13.594,"May"
"GRI107",11030,20140530,14.117,"May"
"HAM413",11030,20140530,14.901,"May"
"HIG112",11030,20140530,14.766,"May"
"HIG212",11030,20140530,13.335,"May"
"JAM309",11030,20140530,15.778,"May"
"KRAM113",11030,20140530,13.441,"May"
"KRAM213",11030,20140530,13.518,"May"
"LEW109",11030,20140530,13.318,"May"
"MOZE114",11030,20140530,14.236,"May"
"MOZE214",11030,20140530,14.193,"May"
"MOZE314",11030,20140530,14.241,"May"
"MOZE414",11030,20140530,14.188,"May"
"PSMI114",11030,20140530,13.58,"May"
"PSMI214",11030,20140530,13.078,"May"
"PSMI314",11030,20140530,13.412,"May"
"SEW210",11030,20140530,14.501,"May"
"SEW413",11030,20140530,13.506,"May"
"SHAW114",11030,20140530,11.925,"May"
"SHAW214",11030,20140530,11.925,"May"
"WHIS213",11030,20140530,13.478,"May"
"YENT111",11030,20140530,12.921,"May"
"YENT214",11030,20140530,10.807,"May"
"BOL212",11030,20140530,13.087,"May"
"BUTT214",11030,20140530,13.11,"May"
"CHE308",11030,20140530,14.515,"May"
"CROM114",11030,20140530,16.861,"May"
"CROM214",11030,20140530,16.675,"May"
"CROM314",11030,20140530,16.675,"May"
"CROM414",11030,20140530,16.753,"May"
"FARM114",11030,20140530,14.493,"May"
"FRAN114",11030,20140530,14.185,"May"
"FRAN214",11030,20140530,14.185,"May"
"HAM108",11030,20140530,10.324,"May"
"HAM208",11030,20140530,10.324,"May"
"HOR105",11030,20140530,13.478,"May"
"HOR408",11030,20140530,13.121,"May"
"JOHN214",11030,20140530,14.08,"May"
"JOHN314",11030,20140530,14.346,"May"
"KON213",11030,20140530,11.34,"May"
"MORS114",11030,20140530,13.762,"May"
"PCHE314",11030,20140530,13.58,"May"
"PCHE414",11030,20140530,13.58,"May"
"PER107",11030,20140530,13.611,"May"
"PGRA114",11030,20140530,13.961,"May"
"PGRA214",11030,20140530,13.961,"May"
"PGRA314",11030,20140530,14.213,"May"
"PSTO514",11030,20140530,12.318,"May"
"STEV108",11030,20140530,12.978,"May"
"STEV208",11030,20140530,12.946,"May"
"STEV308",11030,20140530,14.108,"May"
"STEV409",11030,20140530,15.901,"May"
"STOL114",11030,20140530,13.486,"May"
"SWEN114",11030,20140530,15.571,"May"
"SWEN214",11030,20140530,15.571,"May"
"THAR114",11030,20140530,11.766,"May"
"WHET114",11030,20140530,13.055,"May"
"WHIS314",11030,20140530,15.722,"May"
"AND04",11030,20140919,17.068,"Sep"
"ANDR214",11030,20140919,13.765,"Sep"
"BEE108",11030,20140919,15.412,"Sep"
"BEE208",11030,20140919,15.943,"Sep"
"BEE309",11030,20140919,15.943,"Sep"
"BEE409",11030,20140919,15.943,"Sep"
"BOL110",11030,20140919,13.704,"Sep"
"BOL312",11030,20140919,14.128,"Sep"
"BOL412",11030,20140919,14.051,"Sep"
"BUTT114",11030,20140919,15.883,"Sep"
"BUTT314",11030,20140919,14.955,"Sep"
"BUTT414",11030,20140919,15.804,"Sep"
"CYEN112",11030,20140919,13.983,"Sep"
"DESA114",11030,20140919,14.343,"Sep"
"FAUX114",11030,20140919,14.828,"Sep"
"FAUX214",11030,20140919,14.828,"Sep"
"GRE105",11030,20140919,15.754,"Sep"
"GRE310",11030,20140919,15.959,"Sep"
"GRI107",11030,20140919,16.049,"Sep"
"HAM413",11030,20140919,15.002,"Sep"
"HIG112",11030,20140919,16.27,"Sep"
"HIG212",11030,20140919,14.845,"Sep"
"JAM309",11030,20140919,14.417,"Sep"
"KRAM113",11030,20140919,15.009,"Sep"
"KRAM213",11030,20140919,15.005,"Sep"
"LEW109",11030,20140919,12.96,"Sep"
"MOZE114",11030,20140919,16.594,"Sep"
"MOZE214",11030,20140919,16.696,"Sep"
"MOZE314",11030,20140919,16.663,"Sep"
"MOZE414",11030,20140919,16.647,"Sep"
"PER209",11030,20140919,16.716,"Sep"
"PSMI114",11030,20140919,16.393,"Sep"
"PSMI214",11030,20140919,16.406,"Sep"
"PSMI314",11030,20140919,16.32,"Sep"
"SEW210",11030,20140919,15.375,"Sep"
"SEW413",11030,20140919,15.382,"Sep"
"SHAW114",11030,20140919,14.862,"Sep"
"SHAW214",11030,20140919,14.862,"Sep"
"WHIS112",11030,20140919,14.638,"Sep"
"WHIS213",11030,20140919,15.295,"Sep"
"YENT111",11030,20140919,13.997,"Sep"
"YENT214",11030,20140919,12.774,"Sep"
"BOL212",11030,20140919,14.044,"Sep"
"BUTT214",11030,20140919,15.445,"Sep"
"CHE308",11030,20140919,14.299,"Sep"
"CROM114",11030,20140919,14.276,"Sep"
"CROM214",11030,20140919,14.654,"Sep"
"CROM314",11030,20140919,14.654,"Sep"
"CROM414",11030,20140919,14.661,"Sep"
"FARM114",11030,20140919,15.518,"Sep"
"FRAN114",11030,20140919,14.624,"Sep"
"FRAN214",11030,20140919,14.624,"Sep"
"HAM108",11030,20140919,14.172,"Sep"
"HAM208",11030,20140919,14.172,"Sep"
"HOR105",11030,20140919,15.145,"Sep"
"HOR408",11030,20140919,15.255,"Sep"
"JOHN214",11030,20140919,15.215,"Sep"
"JOHN314",11030,20140919,15.415,"Sep"
"KON213",11030,20140919,14.467,"Sep"
"MORS114",11030,20140919,15.641,"Sep"
"PCHE314",11030,20140919,14.289,"Sep"
"PCHE414",11030,20140919,14.289,"Sep"
"PER107",11030,20140919,16.257,"Sep"
"PGRA114",11030,20140919,15.455,"Sep"
"PGRA214",11030,20140919,15.455,"Sep"
"PGRA314",11030,20140919,15.445,"Sep"
"PSTO514",11030,20140919,14.972,"Sep"
"STEV108",11030,20140919,15.378,"Sep"
"STEV208",11030,20140919,15.408,"Sep"
"STEV308",11030,20140919,15.916,"Sep"
"STEV409",11030,20140919,14.373,"Sep"
"STOL114",11030,20140919,13.68,"Sep"
"SWEN114",11030,20140919,16.959,"Sep"
"SWEN214",11030,20140919,16.959,"Sep"
"THAR114",11030,20140919,15.628,"Sep"
"WHET114",11030,20140919,15.338,"Sep"
"WHIS314",11030,20140919,14.681,"Sep"
"AND04",11030,20150415,12.602,"Apr"
"ANDR214",11030,20150415,7.613,"Apr"
"BEE108",11030,20150415,11.393,"Apr"
"BEE208",11030,20150415,17.407,"Apr"
"BEE309",11030,20150415,17.407,"Apr"
"BEE409",11030,20150415,17.407,"Apr"
"BMCK115",11030,20150415,11.119,"Apr"
"BMRC215",11030,20150415,17.464,"Apr"
"BOL110",11030,20150415,13.305,"Apr"
"BOL312",11030,20150415,11.618,"Apr"
"BOL412",11030,20150415,13.528,"Apr"
"BUTT114",11030,20150415,13.204,"Apr"
"BUTT314",11030,20150415,10.575,"Apr"
"BUTT414",11030,20150415,11.554,"Apr"
"CYEN112",11030,20150415,15.019,"Apr"
"DESA114",11030,20150415,8.182,"Apr"
"FAUX114",11030,20150415,17.245,"Apr"
"FAUX214",11030,20150415,17.245,"Apr"
"GELA115",11030,20150415,12.623,"Apr"
"GLAD215",11030,20150415,11.955,"Apr"
"GLAD315",11030,20150415,11.955,"Apr"
"GOT414",11030,20150415,13.103,"Apr"
"GRE105",11030,20150415,8.972,"Apr"
"GRE310",11030,20150415,14.074,"Apr"
"GRI107",11030,20150415,12.442,"Apr"
"HAMI115",11030,20150415,14.243,"Apr"
"HIG112",11030,20150415,16.499,"Apr"
"HIG212",11030,20150415,13.512,"Apr"
"HUNT115",11030,20150415,16.143,"Apr"
"HUNT215",11030,20150415,16.87,"Apr"
"JAM309",11030,20150415,16.823,"Apr"
"JOHN715",11030,20150415,12.602,"Apr"
"KRAM113",11030,20150415,12.762,"Apr"
"KRAM213",11030,20150415,14.597,"Apr"
"LEW109",11030,20150415,13.438,"Apr"
"LSMI115",11030,20150415,13.714,"Apr"
"MELA115",11030,20150415,10.397,"Apr"
"MELA215",11030,20150415,10.31,"Apr"
"MOZE114",11030,20150415,10.769,"Apr"
"MOZE214",11030,20150415,10.823,"Apr"
"MOZE314",11030,20150415,10.715,"Apr"
"MOZE414",11030,20150415,10.629,"Apr"
"NMAR215",11030,20150415,12.388,"Apr"
"NMAR415",11030,20150415,13.002,"Apr"
"PER209",11030,20150415,12.954,"Apr"
"PIER115",11030,20150415,9.428,"Apr"
"PSMI114",11030,20150415,10.553,"Apr"
"PSMI214",11030,20150415,10.925,"Apr"
"PSMI314",11030,20150415,10.823,"Apr"
"PSMI414",11030,20150415,17.921,"Apr"
"SEW210",11030,20150415,17.089,"Apr"
"SEW413",11030,20150415,17.568,"Apr"
"SEW515",11030,20150415,17.433,"Apr"
"SHAW114",11030,20150415,10.191,"Apr"
"SHAW214",11030,20150415,10.191,"Apr"
"WHIS112",11030,20150415,16.567,"Apr"
"WHIS213",11030,20150415,13.193,"Apr"
"YENT111",11030,20150415,15.382,"Apr"
"YENT214",11030,20150415,8.934,"Apr"
"ATW215",11030,20150415,9.558,"Apr"
"ATW315",11030,20150415,7.887,"Apr"
"ATW415",11030,20150415,6.514,"Apr"
"BARK115",11030,20150415,16.745,"Apr"
"BARK215",11030,20150415,8.498,"Apr"
"BARK315",11030,20150415,8.683,"Apr"
"BMRC115",11030,20150415,21.306,"Apr"
"BSEW115",11030,20150415,9.991,"Apr"
"BSEW215",11030,20150415,9.894,"Apr"
"BSEW315",11030,20150415,9.715,"Apr"
"BSEW415",11030,20150415,10.456,"Apr"
"BUTT214",11030,20150415,11.757,"Apr"
"CHE308",11030,20150415,15.981,"Apr"
"FARM114",11030,20150415,11.317,"Apr"
"HAM108",11030,20150415,7.887,"Apr"
"HAM208",11030,20150415,7.887,"Apr"
"HOR105",11030,20150415,10.656,"Apr"
"HOR408",11030,20150415,9.547,"Apr"
"JOHN615",11030,20150415,11.532,"Apr"
"KON213",11030,20150415,10.65,"Apr"
"LOVE115",11030,20150415,8.018,"Apr"
"LOVE215",11030,20150415,8.247,"Apr"
"LOVE315",11030,20150415,7.744,"Apr"
"LOVE415",11030,20150415,8.253,"Apr"
"LSMI215",11030,20150415,13.735,"Apr"
"MORS114",11030,20150415,13.841,"Apr"
"NMAR315",11030,20150415,13.597,"Apr"
"PER107",11030,20150415,12.25,"Apr"
"PGRA114",11030,20150415,13.623,"Apr"
"PGRA214",11030,20150415,13.623,"Apr"
"PGRA314",11030,20150415,14.455,"Apr"
"PSTO514",11030,20150415,10.936,"Apr"
"PSTO615",11030,20150415,9.195,"Apr"
"PSTO715",11030,20150415,9.287,"Apr"
"ROGE115",11030,20150415,11.87,"Apr"
"ROGE215",11030,20150415,11.87,"Apr"
"ROGE315",11030,20150415,11.489,"Apr"
"ROGE415",11030,20150415,11.188,"Apr"
"SIM204",11030,20150415,17.921,"Apr"
"STEV108",11030,20150415,9.233,"Apr"
"STEV208",11030,20150415,9.173,"Apr"
"STEV308",11030,20150415,10.973,"Apr"
"STEV409",11030,20150415,18.014,"Apr"
"STOL114",11030,20150415,13.14,"Apr"
"SWEN114",11030,20150415,12.709,"Apr"
"SWEN214",11030,20150415,12.709,"Apr"
"THAR114",11030,20150415,7.629,"Apr"
"AND04",11030,20150906,24.327,"Sep"
"ANDR214",11030,20150906,18.344,"Sep"
"BEE108",11030,20150906,21.187,"Sep"
"BMCK115",11030,20150906,23.174,"Sep"
"BMRC215",11030,20150906,25.408,"Sep"
"BOL110",11030,20150906,21.714,"Sep"
"BOL312",11030,20150906,21.738,"Sep"
"BOL412",11030,20150906,22.114,"Sep"
"BUTT114",11030,20150906,22.107,"Sep"
"BUTT314",11030,20150906,21.778,"Sep"
"BUTT414",11030,20150906,21.683,"Sep"
"CYEN112",11030,20150906,22.179,"Sep"
"FAUX114",11030,20150906,26.238,"Sep"
"FAUX214",11030,20150906,26.238,"Sep"
"GELA115",11030,20150906,21.935,"Sep"
"GETC115",11030,20150906,21.704,"Sep"
"GLAD215",11030,20150906,23.416,"Sep"
"GLAD315",11030,20150906,23.416,"Sep"
"GRE105",11030,20150906,21.581,"Sep"
"GRE310",11030,20150906,23.598,"Sep"
"GRI107",11030,20150906,24.07,"Sep"
"HAM413",11030,20150906,23.426,"Sep"
"HAMI115",11030,20150906,23.621,"Sep"
"HIG112",11030,20150906,23.124,"Sep"
"HIG212",11030,20150906,22.158,"Sep"
"HUNT115",11030,20150906,23.789,"Sep"
"HUNT215",11030,20150906,24.204,"Sep"
"JAM309",11030,20150906,25.687,"Sep"
"JOHN715",11030,20150906,22.219,"Sep"
"KRAM113",11030,20150906,23.497,"Sep"
"KRAM213",11030,20150906,23.517,"Sep"
"LEW109",11030,20150906,21.609,"Sep"
"LSMI115",11030,20150906,23.665,"Sep"
"MELA115",11030,20150906,23.829,"Sep"
"MELA215",11030,20150906,23.779,"Sep"
"MOZE114",11030,20150906,23.902,"Sep"
"MOZE214",11030,20150906,23.655,"Sep"
"MOZE314",11030,20150906,23.963,"Sep"
"MOZE414",11030,20150906,23.815,"Sep"
"NMAR215",11030,20150906,22.638,"Sep"
"NMAR415",11030,20150906,23.12,"Sep"
"PER209",11030,20150906,24.647,"Sep"
"PIER115",11030,20150906,19.992,"Sep"
"PSMI114",11030,20150906,23.366,"Sep"
"PSMI214",11030,20150906,23.457,"Sep"
"PSMI314",11030,20150906,23.52,"Sep"
"SEW413",11030,20150906,23.906,"Sep"
"SEW515",11030,20150906,24.98,"Sep"
"SHAW114",11030,20150906,21.197,"Sep"
"SHAW214",11030,20150906,21.197,"Sep"
"WHIS112",11030,20150906,23.956,"Sep"
"WHIS213",11030,20150906,21.992,"Sep"
"YENT111",11030,20150906,22.49,"Sep"
"YENT214",11030,20150906,17.878,"Sep"
"ATW215",11030,20150906,19.717,"Sep"
"ATW315",11030,20150906,19.165,"Sep"
"ATW415",11030,20150906,18.878,"Sep"
"BARK115",11030,20150906,25.885,"Sep"
"BARK215",11030,20150906,21.04,"Sep"
"BARK315",11030,20150906,21.19,"Sep"
"BSEW115",11030,20150906,20.267,"Sep"
"BSEW215",11030,20150906,20.4,"Sep"
"BSEW315",11030,20150906,20.49,"Sep"
"BSEW415",11030,20150906,20.414,"Sep"
"BUTT214",11030,20150906,22.446,"Sep"
"CHE308",11030,20150906,23.685,"Sep"
"FARM114",11030,20150906,25.591,"Sep"
"HAM108",11030,20150906,20.845,"Sep"
"HAM208",11030,20150906,20.845,"Sep"
"HOR105",11030,20150906,22.621,"Sep"
"HOR408",11030,20150906,22.743,"Sep"
"JOHN615",11030,20150906,21.666,"Sep"
"KON213",11030,20150906,20.62,"Sep"
"LOVE115",11030,20150906,19.813,"Sep"
"LOVE215",11030,20150906,20.208,"Sep"
"LOVE315",11030,20150906,19.889,"Sep"
"LOVE415",11030,20150906,19.985,"Sep"
"LSMI215",11030,20150906,23.685,"Sep"
"MORS114",11030,20150906,23.537,"Sep"
"NMAR315",11030,20150906,23.728,"Sep"
"PER107",11030,20150906,23.849,"Sep"
"PGRA114",11030,20150906,23.362,"Sep"
"PGRA214",11030,20150906,23.362,"Sep"
"PGRA314",11030,20150906,24.103,"Sep"
"PSTO514",11030,20150906,21.755,"Sep"
"PSTO615",11030,20150906,21.69,"Sep"
"PSTO715",11030,20150906,21.432,"Sep"
"ROGE115",11030,20150906,22.189,"Sep"
"ROGE215",11030,20150906,22.189,"Sep"
"ROGE315",11030,20150906,22.131,"Sep"
"ROGE415",11030,20150906,22.06,"Sep"
"STEV108",11030,20150906,22.5,"Sep"
"STEV208",11030,20150906,22.371,"Sep"
"STEV308",11030,20150906,23.902,"Sep"
"STEV409",11030,20150906,25.163,"Sep"
"STOL114",11030,20150906,22.527,"Sep"
"SWEN114",11030,20150906,24.414,"Sep"
"SWEN214",11030,20150906,24.414,"Sep"
"THAR114",11030,20150906,19.559,"Sep"
"AND04",11030,20151008,15.472,"Oct"
"ANDR214",11030,20151008,13.975,"Oct"
"BEE108",11030,20151008,14.704,"Oct"
"BEE208",11030,20151008,15.702,"Oct"
"BEE309",11030,20151008,15.702,"Oct"
"BEE409",11030,20151008,15.702,"Oct"
"BMCK115",11030,20151008,14.646,"Oct"
"BMRC215",11030,20151008,16.036,"Oct"
"BOL110",11030,20151008,13.733,"Oct"
"BOL312",11030,20151008,13.866,"Oct"
"BOL412",11030,20151008,14.089,"Oct"
"BUTT114",11030,20151008,14.948,"Oct"
"BUTT314",11030,20151008,14.25,"Oct"
"BUTT414",11030,20151008,15.041,"Oct"
"CYEN112",11030,20151008,14.272,"Oct"
"DESA114",11030,20151008,13.516,"Oct"
"FAUX114",11030,20151008,14.925,"Oct"
"FAUX214",11030,20151008,14.925,"Oct"
"GELA115",11030,20151008,14.498,"Oct"
"GETC115",11030,20151008,14.395,"Oct"
"GLAD215",11030,20151008,14.916,"Oct"
"GLAD315",11030,20151008,14.916,"Oct"
"GRE105",11030,20151008,14.553,"Oct"
"GRE310",11030,20151008,15.188,"Oct"
"GRI107",11030,20151008,15.114,"Oct"
"HAM311",11030,20151008,13.655,"Oct"
"HAM413",11030,20151008,14.411,"Oct"
"HAMI115",11030,20151008,14.549,"Oct"
"HIG112",11030,20151008,15.919,"Oct"
"HIG212",11030,20151008,14.961,"Oct"
"HUNT115",11030,20151008,14.247,"Oct"
"HUNT215",11030,20151008,14.729,"Oct"
"JAM309",11030,20151008,14.388,"Oct"
"JOHN715",11030,20151008,14.598,"Oct"
"KRAM113",11030,20151008,14.388,"Oct"
"KRAM213",11030,20151008,14.495,"Oct"
"LEW109",11030,20151008,13.558,"Oct"
"LSMI115",11030,20151008,14.421,"Oct"
"MELA115",11030,20151008,14.867,"Oct"
"MELA215",11030,20151008,14.819,"Oct"
"MOZE114",11030,20151008,14.973,"Oct"
"MOZE214",11030,20151008,14.983,"Oct"
"MOZE314",11030,20151008,14.973,"Oct"
"MOZE414",11030,20151008,15.076,"Oct"
"NMAR215",11030,20151008,14.221,"Oct"
"NMAR415",11030,20151008,14.405,"Oct"
"PER209",11030,20151008,15.922,"Oct"
"PIER115",11030,20151008,14.533,"Oct"
"PSMI114",11030,20151008,15.021,"Oct"
"PSMI214",11030,20151008,14.89,"Oct"
"PSMI314",11030,20151008,14.9,"Oct"
"SEW210",11030,20151008,15.146,"Oct"
"SEW413",11030,20151008,15.185,"Oct"
"SEW515",11030,20151008,15.626,"Oct"
"SHAW114",11030,20151008,14.479,"Oct"
"SHAW214",11030,20151008,14.479,"Oct"
"WHIS112",11030,20151008,15.105,"Oct"
"WHIS213",11030,20151008,14.944,"Oct"
"YENT111",11030,20151008,14.253,"Oct"
"YENT214",11030,20151008,13.428,"Oct"
"ATW215",11030,20151008,13.561,"Oct"
"ATW315",11030,20151008,13.509,"Oct"
"ATW415",11030,20151008,13.474,"Oct"
"BARK115",11030,20151008,15.501,"Oct"
"BARK215",11030,20151008,14.575,"Oct"
"BARK315",11030,20151008,14.569,"Oct"
"BMRC115",11030,20151008,16.781,"Oct"
"BSEW115",11030,20151008,14.604,"Oct"
"BSEW215",11030,20151008,14.604,"Oct"
"BSEW315",11030,20151008,14.549,"Oct"
"BSEW415",11030,20151008,14.71,"Oct"
"BUTT214",11030,20151008,14.652,"Oct"
"CHE308",11030,20151008,14.646,"Oct"
"FARM114",11030,20151008,14.134,"Oct"
"HAM108",11030,20151008,13.503,"Oct"
"HAM208",11030,20151008,13.503,"Oct"
"HOR105",11030,20151008,14.185,"Oct"
"HOR408",11030,20151008,14.076,"Oct"
"JOHN615",11030,20151008,14.479,"Oct"
"KON213",11030,20151008,13.778,"Oct"
"LOVE115",11030,20151008,14.247,"Oct"
"LOVE215",11030,20151008,14.314,"Oct"
"LOVE315",11030,20151008,14.34,"Oct"
"LOVE415",11030,20151008,14.311,"Oct"
"LSMI215",11030,20151008,14.43,"Oct"
"MORS114",11030,20151008,14.569,"Oct"
"NMAR115",11030,20151008,15.134,"Oct"
"NMAR315",11030,20151008,14.376,"Oct"
"PER107",11030,20151008,14.684,"Oct"
"PGRA114",11030,20151008,14.405,"Oct"
"PGRA214",11030,20151008,14.405,"Oct"
"PGRA314",11030,20151008,14.479,"Oct"
"PSTO514",11030,20151008,14.15,"Oct"
"PSTO615",11030,20151008,14.514,"Oct"
"PSTO715",11030,20151008,14.508,"Oct"
"ROGE115",11030,20151008,14.211,"Oct"
"ROGE215",11030,20151008,14.211,"Oct"
"ROGE315",11030,20151008,14.301,"Oct"
"ROGE415",11030,20151008,14.424,"Oct"
"STEV108",11030,20151008,14.172,"Oct"
"STEV208",11030,20151008,14.202,"Oct"
"STEV308",11030,20151008,14.427,"Oct"
"STEV409",11030,20151008,14.392,"Oct"
"STOL114",11030,20151008,13.817,"Oct"
"SWEN114",11030,20151008,15.357,"Oct"
"SWEN214",11030,20151008,15.357,"Oct"
"THAR114",11030,20151008,14.501,"Oct"
"WHIS314",11030,20151008,15.242,"Oct"
"AND04",11030,20151109,10.263,"Nov"
"ANDR214",11030,20151109,10.904,"Nov"
"BEE108",11030,20151109,10.945,"Nov"
"BEE208",11030,20151109,10.891,"Nov"
"BEE309",11030,20151109,10.891,"Nov"
"BEE409",11030,20151109,10.891,"Nov"
"BMCK115",11030,20151109,10.75,"Nov"
"BMRC215",11030,20151109,10.938,"Nov"
"BOL110",11030,20151109,10.763,"Nov"
"BOL312",11030,20151109,10.687,"Nov"
"BOL412",11030,20151109,10.776,"Nov"
"BUTT114",11030,20151109,10.93,"Nov"
"BUTT314",11030,20151109,10.292,"Nov"
"BUTT414",11030,20151109,11.112,"Nov"
"CYEN112",11030,20151109,10.473,"Nov"
"DESA114",11030,20151109,10.755,"Nov"
"FAUX114",11030,20151109,10.311,"Nov"
"FAUX214",11030,20151109,10.311,"Nov"
"GELA115",11030,20151109,10.747,"Nov"
"GETC115",11030,20151109,10.473,"Nov"
"GLAD215",11030,20151109,10.599,"Nov"
"GLAD315",11030,20151109,10.599,"Nov"
"GRE105",11030,20151109,10.854,"Nov"
"GRE310",11030,20151109,11.065,"Nov"
"GRI107",11030,20151109,10.93,"Nov"
"HAM413",11030,20151109,10.245,"Nov"
"HAMI115",11030,20151109,10.572,"Nov"
"HIG112",11030,20151109,11.244,"Nov"
"HIG212",11030,20151109,10.938,"Nov"
"HOR509",11030,20151109,10.256,"Nov"
"HUNT115",11030,20151109,9.848,"Nov"
"HUNT215",11030,20151109,10.158,"Nov"
"JAM309",11030,20151109,9.861,"Nov"
"JOHN715",11030,20151109,10.784,"Nov"
"KRAM113",11030,20151109,10.588,"Nov"
"KRAM213",11030,20151109,10.638,"Nov"
"LEW109",11030,20151109,10.476,"Nov"
"LSMI115",11030,20151109,10.525,"Nov"
"MELA115",11030,20151109,10.729,"Nov"
"MELA215",11030,20151109,10.742,"Nov"
"MOZE114",11030,20151109,10.371,"Nov"
"MOZE214",11030,20151109,10.203,"Nov"
"MOZE314",11030,20151109,10.413,"Nov"
"MOZE414",11030,20151109,10.381,"Nov"
"NMAR215",11030,20151109,10.562,"Nov"
"NMAR415",11030,20151109,10.648,"Nov"
"PER209",11030,20151109,11.044,"Nov"
"PIER115",11030,20151109,10.63,"Nov"
"PSMI114",11030,20151109,10.802,"Nov"
"PSMI214",11030,20151109,10.849,"Nov"
"PSMI314",11030,20151109,10.781,"Nov"
"SEW210",11030,20151109,10.486,"Nov"
"SEW413",11030,20151109,10.355,"Nov"
"SEW515",11030,20151109,10.499,"Nov"
"SHAW114",11030,20151109,10.917,"Nov"
"SHAW214",11030,20151109,10.917,"Nov"
"WHIS112",11030,20151109,10.677,"Nov"
"WHIS213",11030,20151109,11.154,"Nov"
"YENT111",11030,20151109,10.46,"Nov"
"YENT214",11030,20151109,10.402,"Nov"
"ATW215",11030,20151109,10.886,"Nov"
"ATW315",11030,20151109,10.959,"Nov"
"ATW415",11030,20151109,11,"Nov"
"BARK115",11030,20151109,10.394,"Nov"
"BARK215",11030,20151109,10.805,"Nov"
"BARK315",11030,20151109,10.807,"Nov"
"BMRC115",11030,20151109,11.06,"Nov"
"BSEW115",11030,20151109,10.685,"Nov"
"BSEW215",11030,20151109,10.755,"Nov"
"BSEW315",11030,20151109,10.711,"Nov"
"BSEW415",11030,20151109,10.572,"Nov"
"BUTT214",11030,20151109,10.481,"Nov"
"CHE308",11030,20151109,10.591,"Nov"
"FARM114",11030,20151109,10.279,"Nov"
"HAM108",11030,20151109,10.648,"Nov"
"HAM208",11030,20151109,10.648,"Nov"
"HOR105",11030,20151109,10.47,"Nov"
"HOR408",11030,20151109,10.528,"Nov"
"JOHN615",11030,20151109,10.599,"Nov"
"KON213",11030,20151109,10.35,"Nov"
"LOVE115",11030,20151109,10.661,"Nov"
"LOVE215",11030,20151109,10.68,"Nov"
"LOVE315",11030,20151109,10.693,"Nov"
"LOVE415",11030,20151109,10.47,"Nov"
"LSMI215",11030,20151109,10.562,"Nov"
"MORS114",11030,20151109,10.606,"Nov"
"NMAR115",11030,20151109,10.455,"Nov"
"NMAR315",11030,20151109,10.57,"Nov"
"PER107",11030,20151109,10.439,"Nov"
"PGRA114",11030,20151109,10.559,"Nov"
"PGRA214",11030,20151109,10.559,"Nov"
"PGRA314",11030,20151109,10.625,"Nov"
"PSTO514",11030,20151109,10.742,"Nov"
"PSTO615",11030,20151109,10.995,"Nov"
"PSTO715",11030,20151109,11.055,"Nov"
"ROGE115",11030,20151109,10.567,"Nov"
"ROGE215",11030,20151109,10.567,"Nov"
"ROGE315",11030,20151109,10.627,"Nov"
"ROGE415",11030,20151109,10.724,"Nov"
"STEV108",11030,20151109,10.625,"Nov"
"STEV208",11030,20151109,10.659,"Nov"
"STEV308",11030,20151109,9.325,"Nov"
"STEV409",11030,20151109,10.635,"Nov"
"STOL114",11030,20151109,10.517,"Nov"
"SWEN114",11030,20151109,10.101,"Nov"
"SWEN214",11030,20151109,10.101,"Nov"
"SYEN115",11030,20151109,10.58,"Nov"
"THAR114",11030,20151109,11.174,"Nov"
"WHIS314",11030,20151109,10.596,"Nov"
"AND04",11030,20151125,2.082,"Nov"
"ANDR214",11030,20151125,7.501,"Nov"
"BEE108",11030,20151125,6.97,"Nov"
"BEE208",11030,20151125,5.209,"Nov"
"BEE309",11030,20151125,5.209,"Nov"
"BEE409",11030,20151125,5.209,"Nov"
"BMCK115",11030,20151125,6.218,"Nov"
"BMRC215",11030,20151125,4.914,"Nov"
"BOL110",11030,20151125,4.489,"Nov"
"BOL312",11030,20151125,5.13,"Nov"
"BOL412",11030,20151125,4.626,"Nov"
"BUTT114",11030,20151125,6.09,"Nov"
"BUTT314",11030,20151125,5.735,"Nov"
"BUTT414",11030,20151125,6.543,"Nov"
"CAR412",11030,20151125,6.666,"Nov"
"CYEN112",11030,20151125,4.676,"Nov"
"DESA114",11030,20151125,6.46,"Nov"
"FAUX114",11030,20151125,1.418,"Nov"
"FAUX214",11030,20151125,1.418,"Nov"
"GELA115",11030,20151125,5.449,"Nov"
"GETC115",11030,20151125,3.891,"Nov"
"GLAD215",11030,20151125,4.635,"Nov"
"GLAD315",11030,20151125,4.635,"Nov"
"GOT414",11030,20151125,7.318,"Nov"
"GRE105",11030,20151125,7.318,"Nov"
"GRE310",11030,20151125,6.608,"Nov"
"GRI107",11030,20151125,4.78,"Nov"
"HAM311",11030,20151125,5.863,"Nov"
"HAM413",11030,20151125,4.096,"Nov"
"HAMI115",11030,20151125,4.572,"Nov"
"HIG112",11030,20151125,7.391,"Nov"
"HIG212",11030,20151125,6.884,"Nov"
"HOR509",11030,20151125,2.463,"Nov"
"HUNT115",11030,20151125,3.987,"Nov"
"HUNT215",11030,20151125,4.414,"Nov"
"JAM309",11030,20151125,1.899,"Nov"
"JOHN715",11030,20151125,5.138,"Nov"
"KRAM113",11030,20151125,5.258,"Nov"
"KRAM213",11030,20151125,5.138,"Nov"
"LEW109",11030,20151125,4.955,"Nov"
"LSMI115",11030,20151125,4,"Nov"
"MELA115",11030,20151125,4.847,"Nov"
"MELA215",11030,20151125,4.889,"Nov"
"MOZE114",11030,20151125,2.831,"Nov"
"MOZE214",11030,20151125,3.248,"Nov"
"MOZE314",11030,20151125,3.635,"Nov"
"MOZE414",11030,20151125,3.109,"Nov"
"NMAR215",11030,20151125,5.937,"Nov"
"NMAR415",11030,20151125,5.366,"Nov"
"PER209",11030,20151125,6.678,"Nov"
"PIER115",11030,20151125,7.125,"Nov"
"PSMI114",11030,20151125,5.25,"Nov"
"PSMI214",11030,20151125,5.437,"Nov"
"PSMI314",11030,20151125,5.217,"Nov"
"PSMI414",11030,20151125,2.979,"Nov"
"SEW210",11030,20151125,6.37,"Nov"
"SEW413",11030,20151125,5.345,"Nov"
"SEW515",11030,20151125,5.826,"Nov"
"SHAW114",11030,20151125,6.51,"Nov"
"SHAW214",11030,20151125,6.51,"Nov"
"WHIS112",11030,20151125,5.242,"Nov"
"WHIS213",11030,20151125,7.068,"Nov"
"YENT111",11030,20151125,4.839,"Nov"
"YENT214",11030,20151125,6.423,"Nov"
"ATW215",11030,20151125,6.185,"Nov"
"ATW315",11030,20151125,7.24,"Nov"
"ATW415",11030,20151125,8.084,"Nov"
"BARK115",11030,20151125,2.209,"Nov"
"BARK215",11030,20151125,6.596,"Nov"
"BARK315",11030,20151125,6.588,"Nov"
"BMRC115",11030,20151125,4.526,"Nov"
"BSEW115",11030,20151125,7.35,"Nov"
"BSEW215",11030,20151125,7.379,"Nov"
"BSEW315",11030,20151125,7.322,"Nov"
"BSEW415",11030,20151125,7.138,"Nov"
"BUTT214",11030,20151125,5.731,"Nov"
"CHE308",11030,20151125,3.118,"Nov"
"FARM114",11030,20151125,2.467,"Nov"
"HAM108",11030,20151125,6.172,"Nov"
"HAM208",11030,20151125,6.172,"Nov"
"HOR105",11030,20151125,5.42,"Nov"
"HOR408",11030,20151125,6.09,"Nov"
"JOHN615",11030,20151125,4.868,"Nov"
"KON213",11030,20151125,4.689,"Nov"
"LOVE115",11030,20151125,7.416,"Nov"
"LOVE215",11030,20151125,7.559,"Nov"
"LOVE315",11030,20151125,7.387,"Nov"
"LOVE415",11030,20151125,7.559,"Nov"
"LSMI215",11030,20151125,4.075,"Nov"
"MORS114",11030,20151125,4.547,"Nov"
"NMAR115",11030,20151125,3.332,"Nov"
"NMAR315",11030,20151125,4.68,"Nov"
"PER107",11030,20151125,4.526,"Nov"
"PGRA114",11030,20151125,4.868,"Nov"
"PGRA214",11030,20151125,4.868,"Nov"
"PGRA314",11030,20151125,4.651,"Nov"
"PSTO514",11030,20151125,6.259,"Nov"
"PSTO615",11030,20151125,7.338,"Nov"
"PSTO715",11030,20151125,7.228,"Nov"
"ROGE115",11030,20151125,4.884,"Nov"
"ROGE215",11030,20151125,4.884,"Nov"
"ROGE315",11030,20151125,5.179,"Nov"
"ROGE415",11030,20151125,5.697,"Nov"
"SIM204",11030,20151125,2.979,"Nov"
"STEV108",11030,20151125,6.172,"Nov"
"STEV208",11030,20151125,6.201,"Nov"
"STEV308",11030,20151125,2.89,"Nov"
"STEV409",11030,20151125,2.302,"Nov"
"STOL114",11030,20151125,3.983,"Nov"
"SWEN114",11030,20151125,2.442,"Nov"
"SWEN214",11030,20151125,2.442,"Nov"
"SYEN115",11030,20151125,3.933,"Nov"
"THAR114",11030,20151125,7.958,"Nov"
"WHIS314",11030,20151125,4.518,"Nov"
"AJAG316",11030,20160128,1.158,"Jan"
"AJAG416",11030,20160128,1.117,"Jan"
"AND04",11030,20160128,0.013,"Jan"
"ANDR214",11030,20160128,3.572,"Jan"
"ANDR316",11030,20160128,3.207,"Jan"
"ASTG116",11030,20160128,0.306,"Jan"
"BEE108",11030,20160128,2.948,"Jan"
"BEE208",11030,20160128,2.335,"Jan"
"BEE309",11030,20160128,2.335,"Jan"
"BEE409",11030,20160128,2.335,"Jan"
"BMCK115",11030,20160128,0.932,"Jan"
"BMRC215",11030,20160128,0.323,"Jan"
"BOL110",11030,20160128,2.682,"Jan"
"BOL312",11030,20160128,2.884,"Jan"
"BOL412",11030,20160128,3.096,"Jan"
"BPAR116",11030,20160128,-0.862,"Jan"
"BPAR216",11030,20160128,-0.772,"Jan"
"BUTT114",11030,20160128,1.931,"Jan"
"BUTT314",11030,20160128,1.332,"Jan"
"BUTT414",11030,20160128,1.846,"Jan"
"CGRE116",11030,20160128,-1.576,"Jan"
"CGRE216",11030,20160128,-1.576,"Jan"
"CGRE316",11030,20160128,-1.576,"Jan"
"CNIV116",11030,20160128,-0.341,"Jan"
"CNIV216",11030,20160128,-0.341,"Jan"
"CNIV316",11030,20160128,-0.341,"Jan"
"CNIV416",11030,20160128,-0.372,"Jan"
"CYEN112",11030,20160128,3.147,"Jan"
"DDEV116",11030,20160128,-0.07,"Jan"
"DDEV216",11030,20160128,-0.022,"Jan"
"DDEV316",11030,20160128,-0.393,"Jan"
"DDEV416",11030,20160128,-0.351,"Jan"
"DNIV116",11030,20160128,-0.789,"Jan"
"DNIV216",11030,20160128,-0.219,"Jan"
"DNIV316",11030,20160128,-0.219,"Jan"
"DNIV416",11030,20160128,-0.067,"Jan"
"ELOV116",11030,20160128,1.826,"Jan"
"FAUX114",11030,20160128,-0.765,"Jan"
"FAUX214",11030,20160128,-0.765,"Jan"
"GELA115",11030,20160128,0.279,"Jan"
"GLAD215",11030,20160128,0.613,"Jan"
"GLAD315",11030,20160128,0.613,"Jan"
"GOT414",11030,20160128,3.986,"Jan"
"GRE105",11030,20160128,2.243,"Jan"
"GRE310",11030,20160128,1.646,"Jan"
"GRI107",11030,20160128,0.43,"Jan"
"GSTE116",11030,20160128,-0.414,"Jan"
"GSTE216",11030,20160128,-0.41,"Jan"
"GSTE316",11030,20160128,-0.424,"Jan"
"GSTE416",11030,20160128,-0.504,"Jan"
"HAMI115",11030,20160128,-0.233,"Jan"
"HIG112",11030,20160128,4.046,"Jan"
"HIG212",11030,20160128,3.969,"Jan"
"HOR509",11030,20160128,-0.306,"Jan"
"HUNT115",11030,20160128,0.884,"Jan"
"HUNT215",11030,20160128,1.663,"Jan"
"JAM309",11030,20160128,-0.254,"Jan"
"JHER116",11030,20160128,2.979,"Jan"
"JOHN715",11030,20160128,0.154,"Jan"
"JPOW116",11030,20160128,2.064,"Jan"
"JPUT116",11030,20160128,2.544,"Jan"
"JPUT216",11030,20160128,2.726,"Jan"
"JSMI116",11030,20160128,4.451,"Jan"
"KRAM113",11030,20160128,0.478,"Jan"
"KRAM213",11030,20160128,0.767,"Jan"
"LEW109",11030,20160128,2.142,"Jan"
"LMAR116",11030,20160128,0.595,"Jan"
"LMAR216",11030,20160128,0.561,"Jan"
"LMAR316",11030,20160128,0.561,"Jan"
"LMAR416",11030,20160128,0.644,"Jan"
"LSMI115",11030,20160128,0.168,"Jan"
"LSMI316",11030,20160128,0.185,"Jan"
"LSMI416",11030,20160128,0.244,"Jan"
"LSMI516",11030,20160128,0.244,"Jan"
"MACK112",11030,20160128,-0.848,"Jan"
"MDAR116",11030,20160128,2.189,"Jan"
"MELA115",11030,20160128,0.396,"Jan"
"MELA215",11030,20160128,0.523,"Jan"
"MFIS116",11030,20160128,0.664,"Jan"
"MMCC416",11030,20160128,-1.847,"Jan"
"MNEW116",11030,20160128,2.608,"Jan"
"MNEW216",11030,20160128,2.733,"Jan"
"MOZE114",11030,20160128,0.061,"Jan"
"MOZE214",11030,20160128,0.334,"Jan"
"MOZE314",11030,20160128,0.237,"Jan"
"MOZE414",11030,20160128,0.154,"Jan"
"MWIL116",11030,20160128,1,"Jan"
"NMAR215",11030,20160128,0.595,"Jan"
"NMAR415",11030,20160128,0.561,"Jan"
"NMAR516",11030,20160128,0.595,"Jan"
"PER209",11030,20160128,2.861,"Jan"
"PER516",11030,20160128,3.612,"Jan"
"PETE112",11030,20160128,-0.473,"Jan"
"PGRA116",11030,20160128,0.53,"Jan"
"PGRA216",11030,20160128,0.523,"Jan"
"PGRA316",11030,20160128,0.516,"Jan"
"PIER115",11030,20160128,2.456,"Jan"
"PRAN116",11030,20160128,1.874,"Jan"
"PSMI114",11030,20160128,0.589,"Jan"
"PSMI214",11030,20160128,0.743,"Jan"
"PSMI314",11030,20160128,0.788,"Jan"
"PSMI414",11030,20160128,0.65,"Jan"
"RVAC116",11030,20160128,0.254,"Jan"
"RVAC216",11030,20160128,0.54,"Jan"
"RVAC316",11030,20160128,0.254,"Jan"
"RVAC416",11030,20160128,0.254,"Jan"
"SBEL116",11030,20160128,4.036,"Jan"
"SCAN116",11030,20160128,1.636,"Jan"
"SEW413",11030,20160128,2.726,"Jan"
"SEW515",11030,20160128,2.703,"Jan"
"SHAW114",11030,20160128,2.686,"Jan"
"SHAW214",11030,20160128,2.686,"Jan"
"SIM312",11030,20160128,-0.848,"Jan"
"SIM412",11030,20160128,-0.848,"Jan"
"TOLS116",11030,20160128,2.189,"Jan"
"TOLS216",11030,20160128,2.189,"Jan"
"TOLS316",11030,20160128,2.898,"Jan"
"TOLS416",11030,20160128,2.908,"Jan"
"WHIS112",11030,20160128,1.148,"Jan"
"WHIS213",11030,20160128,2.524,"Jan"
"WHIS416",11030,20160128,2.585,"Jan"
"YENT111",11030,20160128,3.116,"Jan"
"YENT214",11030,20160128,4.288,"Jan"
"AJAG116",11030,20160128,0.002,"Jan"
"AJAG216",11030,20160128,-0.122,"Jan"
"AMOE116",11030,20160128,1.151,"Jan"
"AMOE216",11030,20160128,1.144,"Jan"
"BARK115",11030,20160128,-0.807,"Jan"
"BARK215",11030,20160128,2.419,"Jan"
"BARK315",11030,20160128,2.466,"Jan"
"BMRC115",11030,20160128,0.585,"Jan"
"BSEW115",11030,20160128,3.892,"Jan"
"BSEW215",11030,20160128,3.706,"Jan"
"BSEW315",11030,20160128,3.659,"Jan"
"BSEW415",11030,20160128,3.498,"Jan"
"BUTT214",11030,20160128,1.972,"Jan"
"CHE308",11030,20160128,2.375,"Jan"
"CUND116",11030,20160128,3.782,"Jan"
"CUND216",11030,20160128,3.816,"Jan"
"CUND316",11030,20160128,3.682,"Jan"
"CUND416",11030,20160128,3.749,"Jan"
"FARM114",11030,20160128,0.351,"Jan"
"KON213",11030,20160128,1.618,"Jan"
"LOVE115",11030,20160128,3.952,"Jan"
"LOVE215",11030,20160128,3.926,"Jan"
"LOVE315",11030,20160128,3.942,"Jan"
"LOVE415",11030,20160128,3.816,"Jan"
"LSTO116",11030,20160128,2.25,"Jan"
"MORS114",11030,20160128,0.451,"Jan"
"MORS216",11030,20160128,0.451,"Jan"
"MSTE116",11030,20160128,0.037,"Jan"
"MSTE216",11030,20160128,0.058,"Jan"
"MSTE316",11030,20160128,-0.095,"Jan"
"MSTE416",11030,20160128,-0.008,"Jan"
"NMAR315",11030,20160128,0.203,"Jan"
"PER107",11030,20160128,0.313,"Jan"
"PGRA416",11030,20160128,1.533,"Jan"
"PHOR211",11030,20160128,0.599,"Jan"
"PRAN216",11030,20160128,2.399,"Jan"
"PSTO1016",11030,20160128,2.135,"Jan"
"PSTO514",11030,20160128,1.863,"Jan"
"PSTO816",11030,20160128,2.351,"Jan"
"PSTO916",11030,20160128,2.26,"Jan"
"ROGE115",11030,20160128,0.832,"Jan"
"ROGE215",11030,20160128,0.832,"Jan"
"ROGE315",11030,20160128,0.925,"Jan"
"ROGE415",11030,20160128,1.045,"Jan"
"STOL114",11030,20160128,2.517,"Jan"
"STOL216",11030,20160128,3.009,"Jan"
"SWEN114",11030,20160128,0.026,"Jan"
"SWEN214",11030,20160128,0.026,"Jan"
"THAR114",11030,20160128,2.395,"Jan"
"TJAG116",11030,20160128,1.656,"Jan"
"TJAG216",11030,20160128,1.693,"Jan"
"TJAG316",11030,20160128,1.673,"Jan"
"TJAG416",11030,20160128,1.451,"Jan"
"AND04",11030,20160417,9.125,"Apr"
"ANDR214",11030,20160417,6.829,"Apr"
"ANDR316",11030,20160417,6.978,"Apr"
"ASTG116",11030,20160417,6.711,"Apr"
"BEE108",11030,20160417,6.476,"Apr"
"BEE208",11030,20160417,7.702,"Apr"
"BEE309",11030,20160417,7.702,"Apr"
"BEE409",11030,20160417,7.702,"Apr"
"BOL110",11030,20160417,7.724,"Apr"
"BOL312",11030,20160417,7.518,"Apr"
"BOL412",11030,20160417,8.064,"Apr"
"BPAR116",11030,20160417,9.6,"Apr"
"BPAR216",11030,20160417,9.543,"Apr"
"BUTT114",11030,20160417,6.471,"Apr"
"BUTT314",11030,20160417,5.987,"Apr"
"CGRE116",11030,20160417,6.724,"Apr"
"CGRE216",11030,20160417,6.724,"Apr"
"CGRE316",11030,20160417,6.724,"Apr"
"CNIV116",11030,20160417,6.506,"Apr"
"CNIV216",11030,20160417,6.506,"Apr"
"CNIV316",11030,20160417,6.506,"Apr"
"CNIV416",11030,20160417,6.499,"Apr"
"DDEV116",11030,20160417,6.893,"Apr"
"DDEV216",11030,20160417,6.836,"Apr"
"DDEV316",11030,20160417,6.787,"Apr"
"DDEV416",11030,20160417,6.789,"Apr"
"DNIV116",11030,20160417,7.227,"Apr"
"DNIV216",11030,20160417,6.464,"Apr"
"DNIV316",11030,20160417,6.464,"Apr"
"DNIV416",11030,20160417,6.363,"Apr"
"GELA115",11030,20160417,6.746,"Apr"
"GLAD215",11030,20160417,8.777,"Apr"
"GLAD315",11030,20160417,8.777,"Apr"
"GRI107",11030,20160417,8.481,"Apr"
"GSTE116",11030,20160417,8.686,"Apr"
"GSTE216",11030,20160417,8.707,"Apr"
"GSTE316",11030,20160417,8.77,"Apr"
"GSTE416",11030,20160417,8.797,"Apr"
"HAMI115",11030,20160417,7.396,"Apr"
"HIG112",11030,20160417,7.812,"Apr"
"HIG212",11030,20160417,7.585,"Apr"
"HUNT115",11030,20160417,7.545,"Apr"
"HUNT215",11030,20160417,7.569,"Apr"
"JHER116",11030,20160417,6.798,"Apr"
"JPOW116",11030,20160417,5.605,"Apr"
"JSMI116",11030,20160417,6.975,"Apr"
"KRAM113",11030,20160417,7.344,"Apr"
"KRAM213",11030,20160417,7.691,"Apr"
"LMAR116",11030,20160417,7.413,"Apr"
"LMAR216",11030,20160417,7.426,"Apr"
"LMAR316",11030,20160417,7.426,"Apr"
"LMAR416",11030,20160417,7.338,"Apr"
"LSMI115",11030,20160417,7.539,"Apr"
"LSMI316",11030,20160417,7.546,"Apr"
"LSMI416",11030,20160417,7.572,"Apr"
"LSMI516",11030,20160417,7.572,"Apr"
"MELA115",11030,20160417,8.275,"Apr"
"MELA215",11030,20160417,8.244,"Apr"
"MFIS116",11030,20160417,6.092,"Apr"
"MNEW116",11030,20160417,7.926,"Apr"
"MNEW216",11030,20160417,7.805,"Apr"
"MOZE114",11030,20160417,8.381,"Apr"
"MOZE214",11030,20160417,8.359,"Apr"
"MOZE314",11030,20160417,8.387,"Apr"
"MOZE414",11030,20160417,8.356,"Apr"
"MWIL116",11030,20160417,5.999,"Apr"
"NMAR215",11030,20160417,7.413,"Apr"
"NMAR415",11030,20160417,7.426,"Apr"
"NMAR516",11030,20160417,7.413,"Apr"
"PGRA116",11030,20160417,7.11,"Apr"
"PGRA216",11030,20160417,7.048,"Apr"
"PGRA316",11030,20160417,7.106,"Apr"
"PRAN116",11030,20160417,7.48,"Apr"
"PSMI114",11030,20160417,8.332,"Apr"
"PSMI214",11030,20160417,8.728,"Apr"
"PSMI314",11030,20160417,8.519,"Apr"
"RVAC116",11030,20160417,7.355,"Apr"
"RVAC216",11030,20160417,7.364,"Apr"
"RVAC316",11030,20160417,7.355,"Apr"
"RVAC416",11030,20160417,7.355,"Apr"
"SBEL116",11030,20160417,6.807,"Apr"
"SCAN116",11030,20160417,7.526,"Apr"
"SEW413",11030,20160417,7.536,"Apr"
"SHAW114",11030,20160417,7.638,"Apr"
"SHAW214",11030,20160417,7.638,"Apr"
"TOLS116",11030,20160417,5.867,"Apr"
"TOLS216",11030,20160417,5.818,"Apr"
"TOLS316",11030,20160417,5.481,"Apr"
"TOLS416",11030,20160417,5.48,"Apr"
"YENT214",11030,20160417,6.721,"Apr"
"AMOE116",11030,20160417,6.294,"Apr"
"AMOE216",11030,20160417,6.292,"Apr"
"ATW315",11030,20160417,5.094,"Apr"
"ATW415",11030,20160417,4.939,"Apr"
"BARK215",11030,20160417,7.344,"Apr"
"BARK315",11030,20160417,7.387,"Apr"
"BMRC115",11030,20160417,8.364,"Apr"
"BSEW115",11030,20160417,5.861,"Apr"
"BSEW215",11030,20160417,5.982,"Apr"
"BSEW315",11030,20160417,6.114,"Apr"
"BSEW415",11030,20160417,6.304,"Apr"
"BUTT214",11030,20160417,6.236,"Apr"
"CHE308",11030,20160417,8.202,"Apr"
"CUND116",11030,20160417,5.947,"Apr"
"CUND216",11030,20160417,5.941,"Apr"
"CUND316",11030,20160417,5.938,"Apr"
"CUND416",11030,20160417,5.897,"Apr"
"FARM114",11030,20160417,8.431,"Apr"
"KON213",11030,20160417,7.561,"Apr"
"LOVE115",11030,20160417,5.794,"Apr"
"LOVE215",11030,20160417,5.817,"Apr"
"LOVE315",11030,20160417,5.778,"Apr"
"LOVE415",11030,20160417,5.797,"Apr"
"MORS114",11030,20160417,7.704,"Apr"
"MORS216",11030,20160417,7.704,"Apr"
"MSTE116",11030,20160417,9.155,"Apr"
"MSTE216",11030,20160417,8.635,"Apr"
"MSTE316",11030,20160417,9.019,"Apr"
"MSTE416",11030,20160417,8.769,"Apr"
"NMAR315",11030,20160417,7.437,"Apr"
"PGRA416",11030,20160417,7.075,"Apr"
"PSTO514",11030,20160417,6.9,"Apr"
"ROGE115",11030,20160417,6.651,"Apr"
"ROGE215",11030,20160417,6.651,"Apr"
"ROGE315",11030,20160417,6.594,"Apr"
"ROGE415",11030,20160417,6.527,"Apr"
"STOL114",11030,20160417,7.847,"Apr"
"STOL216",11030,20160417,7.562,"Apr"
"SWEN114",11030,20160417,9.101,"Apr"
"SWEN214",11030,20160417,9.101,"Apr"
"TJAG116",11030,20160417,5.864,"Apr"
"TJAG216",11030,20160417,5.923,"Apr"
"TJAG316",11030,20160417,6.145,"Apr"
"TJAG416",11030,20160417,5.985,"Apr"
"AND04",11030,20160620,19.249,"Jun"
"ANDR214",11030,20160620,15.552,"Jun"
"ANDR316",11030,20160620,16.284,"Jun"
"BUTT314",11030,20160620,17.416,"Jun"
"DDEV416",11030,20160620,17.939,"Jun"
"DNIV116",11030,20160620,18.858,"Jun"
"GLAD215",11030,20160620,17.376,"Jun"
"GLAD315",11030,20160620,17.376,"Jun"
"GRI107",11030,20160620,17.564,"Jun"
"GSTE116",11030,20160620,18.412,"Jun"
"GSTE216",11030,20160620,18.385,"Jun"
"GSTE316",11030,20160620,18.389,"Jun"
"GSTE416",11030,20160620,18.433,"Jun"
"HIG112",11030,20160620,18.656,"Jun"
"HIG212",11030,20160620,17.645,"Jun"
"JHER116",11030,20160620,17.162,"Jun"
"JSMI116",11030,20160620,14.903,"Jun"
"MELA215",11030,20160620,17.325,"Jun"
"MOZE114",11030,20160620,18.05,"Jun"
"MOZE214",11030,20160620,18.332,"Jun"
"MOZE314",11030,20160620,18.223,"Jun"
"MOZE414",11030,20160620,18.115,"Jun"
"PRAN116",11030,20160620,17.724,"Jun"
"PSMI114",11030,20160620,17.271,"Jun"
"PSMI214",11030,20160620,17.188,"Jun"
"PSMI314",11030,20160620,17.353,"Jun"
"SBEL116",11030,20160620,17.19,"Jun"
"SEW413",11030,20160620,17.981,"Jun"
"SHAW114",11030,20160620,16.032,"Jun"
"SHAW214",11030,20160620,16.032,"Jun"
"AMOE116",11030,20160620,16.749,"Jun"
"AMOE216",11030,20160620,16.681,"Jun"
"BARK115",11030,20160620,20.759,"Jun"
"BARK215",11030,20160620,16.552,"Jun"
"BARK315",11030,20160620,16.636,"Jun"
"BUTT214",11030,20160620,17.678,"Jun"
"STOL114",11030,20160620,17.213,"Jun"
"STOL216",11030,20160620,16.72,"Jun"
"SWEN114",11030,20160620,19.283,"Jun"
"SWEN214",11030,20160620,19.283,"Jun"
"AJAG316",11030,20160706,19.425,"Jul"
"AJAG416",11030,20160706,19.422,"Jul"
"ANDR214",11030,20160706,14.785,"Jul"
"ANDR316",11030,20160706,15.161,"Jul"
"ASTG116",11030,20160706,18.681,"Jul"
"BEE108",11030,20160706,15.997,"Jul"
"BMCK115",11030,20160706,20.611,"Jul"
"BMRC215",11030,20160706,21.049,"Jul"
"BOL110",11030,20160706,19.212,"Jul"
"BOL312",11030,20160706,18.219,"Jul"
"BOL412",11030,20160706,19.026,"Jul"
"BUTT114",11030,20160706,19.161,"Jul"
"BUTT314",11030,20160706,18.543,"Jul"
"BUTT414",11030,20160706,18.844,"Jul"
"CGRE116",11030,20160706,19.457,"Jul"
"CGRE216",11030,20160706,19.457,"Jul"
"CGRE316",11030,20160706,19.457,"Jul"
"CNIV116",11030,20160706,18.309,"Jul"
"CNIV216",11030,20160706,18.309,"Jul"
"CNIV316",11030,20160706,18.309,"Jul"
"CNIV416",11030,20160706,18.383,"Jul"
"DDEV116",11030,20160706,19.753,"Jul"
"DDEV216",11030,20160706,19.533,"Jul"
"DDEV316",11030,20160706,19.438,"Jul"
"DDEV416",11030,20160706,19.444,"Jul"
"DNIV116",11030,20160706,19.962,"Jul"
"DNIV216",11030,20160706,18.658,"Jul"
"DNIV316",11030,20160706,18.658,"Jul"
"DNIV416",11030,20160706,18.395,"Jul"
"GELA115",11030,20160706,18.713,"Jul"
"GRE105",11030,20160706,18.985,"Jul"
"GRE310",11030,20160706,20.051,"Jul"
"JHER116",11030,20160706,17.732,"Jul"
"JOHN715",11030,20160706,19.298,"Jul"
"JPOW116",11030,20160706,16.832,"Jul"
"JPUT116",11030,20160706,17.945,"Jul"
"JPUT216",11030,20160706,17.568,"Jul"
"JSMI116",11030,20160706,14.278,"Jul"
"KRAM113",11030,20160706,18.969,"Jul"
"LMAR116",11030,20160706,18.453,"Jul"
"LMAR416",11030,20160706,18.367,"Jul"
"LSMI115",11030,20160706,19.495,"Jul"
"LSMI316",11030,20160706,19.626,"Jul"
"LSMI416",11030,20160706,19.403,"Jul"
"LSMI516",11030,20160706,19.403,"Jul"
"MDAR116",11030,20160706,18.35,"Jul"
"MFIS116",11030,20160706,18.819,"Jul"
"MWIL116",11030,20160706,15.042,"Jul"
"NMAR215",11030,20160706,18.453,"Jul"
"NMAR516",11030,20160706,18.453,"Jul"
"PER516",11030,20160706,16.894,"Jul"
"PGRA116",11030,20160706,18.363,"Jul"
"PGRA216",11030,20160706,18.187,"Jul"
"PGRA316",11030,20160706,18.151,"Jul"
"PIER115",11030,20160706,18.177,"Jul"
"RVAC216",11030,20160706,18.035,"Jul"
"SBEL116",11030,20160706,18.668,"Jul"
"SEW413",11030,20160706,19.113,"Jul"
"TOLS116",11030,20160706,18.376,"Jul"
"TOLS216",11030,20160706,18.447,"Jul"
"TOLS316",11030,20160706,15.968,"Jul"
"TOLS416",11030,20160706,16.115,"Jul"
"WHIS213",11030,20160706,19.326,"Jul"
"WHIS416",11030,20160706,19.943,"Jul"
"YENT214",11030,20160706,16.086,"Jul"
"AJAG116",11030,20160706,21.408,"Jul"
"AJAG216",11030,20160706,21.564,"Jul"
"AMOE116",11030,20160706,18.106,"Jul"
"AMOE216",11030,20160706,18.161,"Jul"
"BARK215",11030,20160706,14.282,"Jul"
"BMRC115",11030,20160706,22.514,"Jul"
"BSEW115",11030,20160706,15.709,"Jul"
"BSEW215",11030,20160706,15.984,"Jul"
"BSEW315",11030,20160706,15.906,"Jul"
"BSEW415",11030,20160706,15.853,"Jul"
"BUTT214",11030,20160706,18.796,"Jul"
"CUND116",11030,20160706,15.154,"Jul"
"CUND216",11030,20160706,15.115,"Jul"
"CUND316",11030,20160706,15.157,"Jul"
"CUND416",11030,20160706,15.167,"Jul"
"LOVE115",11030,20160706,14.49,"Jul"
"LOVE215",11030,20160706,14.567,"Jul"
"LOVE315",11030,20160706,14.457,"Jul"
"LOVE415",11030,20160706,14.801,"Jul"
"LSTO116",11030,20160706,18.607,"Jul"
"PER107",11030,20160706,20.592,"Jul"
"PGRA416",11030,20160706,17.455,"Jul"
"PSTO1016",11030,20160706,18.812,"Jul"
"PSTO514",11030,20160706,16.412,"Jul"
"PSTO816",11030,20160706,18.671,"Jul"
"PSTO916",11030,20160706,18.777,"Jul"
"ROGE115",11030,20160706,16.367,"Jul"
"ROGE215",11030,20160706,16.367,"Jul"
"ROGE315",11030,20160706,16.148,"Jul"
"ROGE415",11030,20160706,15.778,"Jul"
"STOL114",11030,20160706,19.556,"Jul"
"STOL216",11030,20160706,18.623,"Jul"
"THAR114",11030,20160706,19.323,"Jul"
"TJAG116",11030,20160706,17.871,"Jul"
"TJAG216",11030,20160706,17.961,"Jul"
"TJAG316",11030,20160706,18.363,"Jul"
"TJAG416",11030,20160706,18.129,"Jul"
"AJAG316",11030,20160722,22.073,"Jul"
"AJAG416",11030,20160722,22.221,"Jul"
"AND04",11030,20160722,23.51,"Jul"
"ANDR214",11030,20160722,18.942,"Jul"
"ANDR316",11030,20160722,19.723,"Jul"
"ASTG116",11030,20160722,22.433,"Jul"
"BEE108",11030,20160722,20.931,"Jul"
"BMCK115",11030,20160722,23.026,"Jul"
"BMRC215",11030,20160722,23.87,"Jul"
"BOL110",11030,20160722,20.847,"Jul"
"BOL312",11030,20160722,20.461,"Jul"
"BOL412",11030,20160722,20.717,"Jul"
"BPAR116",11030,20160722,25.013,"Jul"
"BPAR216",11030,20160722,24.706,"Jul"
"BUTT114",11030,20160722,22.387,"Jul"
"BUTT314",11030,20160722,22.148,"Jul"
"CGRE116",11030,20160722,23.167,"Jul"
"CGRE216",11030,20160722,23.167,"Jul"
"CGRE316",11030,20160722,23.167,"Jul"
"CNIV116",11030,20160722,22.382,"Jul"
"CNIV216",11030,20160722,22.382,"Jul"
"CNIV316",11030,20160722,22.382,"Jul"
"CNIV416",11030,20160722,22.406,"Jul"
"DDEV116",11030,20160722,22.836,"Jul"
"DDEV216",11030,20160722,22.703,"Jul"
"DDEV316",11030,20160722,22.748,"Jul"
"DDEV416",11030,20160722,22.738,"Jul"
"DNIV116",11030,20160722,23.353,"Jul"
"DNIV216",11030,20160722,22.569,"Jul"
"DNIV316",11030,20160722,22.569,"Jul"
"DNIV416",11030,20160722,22.371,"Jul"
"GELA115",11030,20160722,22.494,"Jul"
"GLAD215",11030,20160722,22.095,"Jul"
"GLAD315",11030,20160722,22.095,"Jul"
"GRE105",11030,20160722,21.462,"Jul"
"GRI107",11030,20160722,22.283,"Jul"
"GSTE116",11030,20160722,22.542,"Jul"
"GSTE216",11030,20160722,22.548,"Jul"
"GSTE316",11030,20160722,22.438,"Jul"
"GSTE416",11030,20160722,22.435,"Jul"
"HAM413",11030,20160722,22.258,"Jul"
"HAMI115",11030,20160722,22.612,"Jul"
"HIG112",11030,20160722,22.14,"Jul"
"HIG212",11030,20160722,21.828,"Jul"
"HUNT215",11030,20160722,23.204,"Jul"
"JHER116",11030,20160722,20.891,"Jul"
"JOHN715",11030,20160722,22.516,"Jul"
"JPOW116",11030,20160722,21.086,"Jul"
"JPUT116",11030,20160722,20.608,"Jul"
"JSMI116",11030,20160722,18.23,"Jul"
"KRAM113",11030,20160722,22.019,"Jul"
"KRAM213",11030,20160722,22.14,"Jul"
"LMAR116",11030,20160722,21.688,"Jul"
"LMAR216",11030,20160722,22.036,"Jul"
"LMAR316",11030,20160722,22.036,"Jul"
"LMAR416",11030,20160722,21.678,"Jul"
"LSMI115",11030,20160722,22.692,"Jul"
"LSMI316",11030,20160722,22.719,"Jul"
"LSMI416",11030,20160722,22.665,"Jul"
"LSMI516",11030,20160722,22.665,"Jul"
"MDAR116",11030,20160722,21.227,"Jul"
"MELA115",11030,20160722,21.761,"Jul"
"MELA215",11030,20160722,21.734,"Jul"
"MFIS116",11030,20160722,22.205,"Jul"
"MMCC416",11030,20160722,21.151,"Jul"
"MNEW116",11030,20160722,21.451,"Jul"
"MNEW216",11030,20160722,21.346,"Jul"
"MOZE114",11030,20160722,22.566,"Jul"
"MOZE214",11030,20160722,22.628,"Jul"
"MOZE314",11030,20160722,22.478,"Jul"
"MOZE414",11030,20160722,22.417,"Jul"
"MWIL116",11030,20160722,21.264,"Jul"
"NMAR215",11030,20160722,21.688,"Jul"
"NMAR415",11030,20160722,22.036,"Jul"
"NMAR516",11030,20160722,21.688,"Jul"
"PGRA116",11030,20160722,22.022,"Jul"
"PGRA216",11030,20160722,21.869,"Jul"
"PGRA316",11030,20160722,21.869,"Jul"
"PRAN116",11030,20160722,21.823,"Jul"
"PSMI114",11030,20160722,21.71,"Jul"
"PSMI214",11030,20160722,21.64,"Jul"
"PSMI314",11030,20160722,21.626,"Jul"
"RVAC116",11030,20160722,22.339,"Jul"
"RVAC216",11030,20160722,21.982,"Jul"
"RVAC316",11030,20160722,22.339,"Jul"
"RVAC416",11030,20160722,22.339,"Jul"
"SBEL116",11030,20160722,20.548,"Jul"
"SEW413",11030,20160722,21.632,"Jul"
"SHAW114",11030,20160722,20.406,"Jul"
"SHAW214",11030,20160722,20.406,"Jul"
"TOLS116",11030,20160722,20.918,"Jul"
"TOLS216",11030,20160722,21.059,"Jul"
"YENT214",11030,20160722,19.509,"Jul"
"AJAG116",11030,20160722,23.544,"Jul"
"AJAG216",11030,20160722,23.711,"Jul"
"AMOE116",11030,20160722,21.443,"Jul"
"AMOE216",11030,20160722,21.454,"Jul"
"ATW315",11030,20160722,18.691,"Jul"
"ATW415",11030,20160722,18.25,"Jul"
"BARK115",11030,20160722,24.688,"Jul"
"BARK215",11030,20160722,20.907,"Jul"
"BARK315",11030,20160722,20.937,"Jul"
"BSEW115",11030,20160722,20.336,"Jul"
"BSEW215",11030,20160722,20.428,"Jul"
"BSEW415",11030,20160722,20.711,"Jul"
"BUTT214",11030,20160722,22.344,"Jul"
"CHE308",11030,20160722,22.336,"Jul"
"CUND316",11030,20160722,20.306,"Jul"
"LOVE115",11030,20160722,20.183,"Jul"
"LOVE215",11030,20160722,20.218,"Jul"
"LOVE415",11030,20160722,20.333,"Jul"
"LSTO116",11030,20160722,21.386,"Jul"
"MORS114",11030,20160722,22.288,"Jul"
"MORS216",11030,20160722,22.288,"Jul"
"MSTE116",11030,20160722,23.83,"Jul"
"MSTE216",11030,20160722,23.249,"Jul"
"MSTE316",11030,20160722,23.868,"Jul"
"MSTE416",11030,20160722,23.515,"Jul"
"NMAR315",11030,20160722,22.47,"Jul"
"PER107",11030,20160722,23.01,"Jul"
"PGRA416",11030,20160722,21.381,"Jul"
"PSTO1016",11030,20160722,21.383,"Jul"
"PSTO514",11030,20160722,21.153,"Jul"
"PSTO816",11030,20160722,21.456,"Jul"
"PSTO916",11030,20160722,21.483,"Jul"
"ROGE115",11030,20160722,22.052,"Jul"
"ROGE215",11030,20160722,22.052,"Jul"
"ROGE315",11030,20160722,21.812,"Jul"
"ROGE415",11030,20160722,21.419,"Jul"
"STOL114",11030,20160722,21.059,"Jul"
"STOL216",11030,20160722,20.532,"Jul"
"SWEN114",11030,20160722,23.653,"Jul"
"SWEN214",11030,20160722,23.653,"Jul"
"TJAG116",11030,20160722,21.235,"Jul"
"TJAG216",11030,20160722,21.602,"Jul"
"TJAG316",11030,20160722,21.936,"Jul"
"TJAG416",11030,20160722,21.796,"Jul"
"AJAG316",11030,20160823,19.326,"Aug"
"AJAG416",11030,20160823,19.306,"Aug"
"AND04",11030,20160823,23.407,"Aug"
"ANDR214",11030,20160823,18.179,"Aug"
"ANDR316",11030,20160823,19.224,"Aug"
"ASTG116",11030,20160823,20.656,"Aug"
"BEE108",11030,20160823,20.519,"Aug"
"BMCK115",11030,20160823,20.392,"Aug"
"BMRC215",11030,20160823,23.943,"Aug"
"BOL110",11030,20160823,20.297,"Aug"
"BOL312",11030,20160823,19.763,"Aug"
"BOL412",11030,20160823,19.924,"Aug"
"BPAR116",11030,20160823,24.554,"Aug"
"BPAR216",11030,20160823,24.233,"Aug"
"BUTT114",11030,20160823,20.903,"Aug"
"BUTT314",11030,20160823,20.529,"Aug"
"BUTT414",11030,20160823,20.483,"Aug"
"CGRE116",11030,20160823,21.627,"Aug"
"CGRE216",11030,20160823,21.627,"Aug"
"CGRE316",11030,20160823,21.627,"Aug"
"CNIV116",11030,20160823,20.877,"Aug"
"CNIV216",11030,20160823,20.877,"Aug"
"CNIV316",11030,20160823,20.877,"Aug"
"CNIV416",11030,20160823,20.858,"Aug"
"DDEV116",11030,20160823,21.556,"Aug"
"DDEV216",11030,20160823,21.144,"Aug"
"DDEV316",11030,20160823,20.955,"Aug"
"DDEV416",11030,20160823,20.767,"Aug"
"DNIV116",11030,20160823,21.999,"Aug"
"DNIV216",11030,20160823,20.708,"Aug"
"DNIV316",11030,20160823,20.708,"Aug"
"DNIV416",11030,20160823,20.329,"Aug"
"GELA115",11030,20160823,20.721,"Aug"
"GLAD215",11030,20160823,21.757,"Aug"
"GLAD315",11030,20160823,21.757,"Aug"
"GRE105",11030,20160823,19.408,"Aug"
"GRI107",11030,20160823,21.844,"Aug"
"GSTE116",11030,20160823,22.444,"Aug"
"GSTE216",11030,20160823,22.476,"Aug"
"GSTE316",11030,20160823,22.444,"Aug"
"GSTE416",11030,20160823,22.38,"Aug"
"HAMI115",11030,20160823,21.721,"Aug"
"HIG212",11030,20160823,20.525,"Aug"
"HUNT215",11030,20160823,22.608,"Aug"
"JHER116",11030,20160823,21.915,"Aug"
"JOHN715",11030,20160823,20.343,"Aug"
"JPOW116",11030,20160823,19.819,"Aug"
"JPUT216",11030,20160823,19.165,"Aug"
"JSMI116",11030,20160823,17.264,"Aug"
"KRAM113",11030,20160823,21.19,"Aug"
"KRAM213",11030,20160823,21.485,"Aug"
"LMAR116",11030,20160823,20.522,"Aug"
"LMAR216",11030,20160823,21.177,"Aug"
"LMAR316",11030,20160823,21.177,"Aug"
"LMAR416",11030,20160823,20.489,"Aug"
"LSMI115",11030,20160823,22.18,"Aug"
"LSMI316",11030,20160823,22.199,"Aug"
"LSMI416",11030,20160823,22.115,"Aug"
"LSMI516",11030,20160823,22.115,"Aug"
"MDAR116",11030,20160823,19.151,"Aug"
"MELA115",11030,20160823,21.229,"Aug"
"MELA215",11030,20160823,21.203,"Aug"
"MFIS116",11030,20160823,19.897,"Aug"
"MNEW116",11030,20160823,21.277,"Aug"
"MNEW216",11030,20160823,21.413,"Aug"
"MOZE114",11030,20160823,22.502,"Aug"
"MOZE214",11030,20160823,22.37,"Aug"
"MOZE314",11030,20160823,22.386,"Aug"
"MOZE414",11030,20160823,22.348,"Aug"
"MWIL116",11030,20160823,20.421,"Aug"
"NMAR215",11030,20160823,20.522,"Aug"
"NMAR415",11030,20160823,21.177,"Aug"
"NMAR516",11030,20160823,20.522,"Aug"
"PER516",11030,20160823,20.127,"Aug"
"PGRA116",11030,20160823,21.407,"Aug"
"PGRA216",11030,20160823,21.082,"Aug"
"PGRA316",11030,20160823,21.128,"Aug"
"PIER115",11030,20160823,21.134,"Aug"
"PRAN116",11030,20160823,22.135,"Aug"
"PSMI114",11030,20160823,21.439,"Aug"
"PSMI214",11030,20160823,21.264,"Aug"
"PSMI314",11030,20160823,21.245,"Aug"
"RVAC116",11030,20160823,21.527,"Aug"
"RVAC216",11030,20160823,21.157,"Aug"
"RVAC316",11030,20160823,21.527,"Aug"
"RVAC416",11030,20160823,21.527,"Aug"
"SBEL116",11030,20160823,19.444,"Aug"
"SCAN116",11030,20160823,22.721,"Aug"
"SEW413",11030,20160823,21.918,"Aug"
"SHAW114",11030,20160823,20.045,"Aug"
"SHAW214",11030,20160823,20.045,"Aug"
"TOLS116",11030,20160823,18.891,"Aug"
"TOLS216",11030,20160823,18.993,"Aug"
"TOLS316",11030,20160823,19.194,"Aug"
"TOLS416",11030,20160823,19.194,"Aug"
"WHIS213",11030,20160823,20.427,"Aug"
"WHIS416",11030,20160823,21.05,"Aug"
"YENT214",11030,20160823,17.747,"Aug"
"AJAG116",11030,20160823,21.209,"Aug"
"AJAG216",11030,20160823,21.274,"Aug"
"AMOE116",11030,20160823,19.809,"Aug"
"AMOE216",11030,20160823,19.76,"Aug"
"ATW315",11030,20160823,18.593,"Aug"
"ATW415",11030,20160823,17.937,"Aug"
"BARK115",11030,20160823,23.892,"Aug"
"BARK215",11030,20160823,20.176,"Aug"
"BARK315",11030,20160823,20.231,"Aug"
"BSEW115",11030,20160823,17.964,"Aug"
"BSEW215",11030,20160823,18.322,"Aug"
"BSEW315",11030,20160823,18.302,"Aug"
"BSEW415",11030,20160823,18.441,"Aug"
"BUTT214",11030,20160823,20.923,"Aug"
"CHE308",11030,20160823,22.676,"Aug"
"CUND116",11030,20160823,18.547,"Aug"
"CUND216",11030,20160823,18.683,"Aug"
"CUND316",11030,20160823,18.782,"Aug"
"CUND416",11030,20160823,18.772,"Aug"
"FARM114",11030,20160823,23.947,"Aug"
"KON213",11030,20160823,21.001,"Aug"
"LOVE115",11030,20160823,17.761,"Aug"
"LOVE215",11030,20160823,17.761,"Aug"
"LOVE315",11030,20160823,17.784,"Aug"
"LOVE415",11030,20160823,18.02,"Aug"
"LSTO116",11030,20160823,19.161,"Aug"
"MORS114",11030,20160823,21.303,"Aug"
"MORS216",11030,20160823,21.303,"Aug"
"MSTE116",11030,20160823,23.608,"Aug"
"MSTE216",11030,20160823,22.946,"Aug"
"MSTE316",11030,20160823,24.087,"Aug"
"MSTE416",11030,20160823,23.516,"Aug"
"NMAR315",11030,20160823,21.533,"Aug"
"PER107",11030,20160823,21.03,"Aug"
"PGRA416",11030,20160823,20.542,"Aug"
"PRAN216",11030,20160823,21.915,"Aug"
"PSTO1016",11030,20160823,19.138,"Aug"
"PSTO514",11030,20160823,20.235,"Aug"
"PSTO816",11030,20160823,19.217,"Aug"
"PSTO916",11030,20160823,19.207,"Aug"
"ROGE115",11030,20160823,20.969,"Aug"
"ROGE215",11030,20160823,20.969,"Aug"
"ROGE315",11030,20160823,20.923,"Aug"
"ROGE415",11030,20160823,20.923,"Aug"
"STOL114",11030,20160823,20.688,"Aug"
"STOL216",11030,20160823,19.573,"Aug"
"SWEN114",11030,20160823,23.5,"Aug"
"SWEN214",11030,20160823,23.5,"Aug"
"THAR114",11030,20160823,20.437,"Aug"
"TJAG116",11030,20160823,19.231,"Aug"
"TJAG216",11030,20160823,19.484,"Aug"
"TJAG316",11030,20160823,20.029,"Aug"
"TJAG416",11030,20160823,19.599,"Aug"
